Date,Home Team,Home Score,Away Team,Away Score
2019-08-27,Ladue Horton Watkins,2,Hazelwood Central,0
2019-08-27,Ladue Horton Watkins,2,Hazelwood East,0
2019-08-27,Camdenton,1,Jefferson City,1
2019-08-27,Marshfield,0,Jefferson City,2
2019-08-27,Savannah,0,Jefferson City,2
2019-08-27,Warsaw,0,Willard,2
2019-08-27,Otterville,0,Willard,2
2019-08-29,Adrian,2,Butler,1
2019-08-29,Pembroke Hill,2,Butler,0
2019-08-29,Drexel,2,Miami (Amoret),0
2019-08-29,Adrian,1,Pembroke Hill,1
2019-08-30,Wright City,0,Battle,2
2019-08-30,Chamois,0,Belle,2
2019-08-30,Winfield,2,Bowling Green,0
2019-08-30,Valley,0,Bunker,2
2019-08-30,Valley Park,1,Cardinal Ritter,2
2019-08-30,Metro,2,Carnahan,0
2019-08-30,Cor Jesu Academy,2,Eureka,1
2019-08-30,Hickman,0,Fatima,2
2019-08-30,Hazelwood West,1,Ft. Zumwalt South,2
2019-08-30,Roosevelt,0,Gateway,2
2019-08-30,Bloomfield,2,Greenville,0
2019-08-30,Ft. Zumwalt East,0,Holt,2
2019-08-30,Fordland,1,Hurley,2
2019-08-30,Oakville,1,Lafayette (Wildwood),2
2019-08-30,Transportation and Law,1,McKinley Classical Leadership,2
2019-08-30,Oak Ridge,0,Meadow Heights,2
2019-08-30,Senath-Hornersville,2,North Pemiscot,0
2019-08-30,Francis Howell North,1,Pattonville,2
2019-08-30,Niangua,0,Purdy,2
2019-08-30,Bernie,2,Richland (Essex),0
2019-08-30,Incarnate Word Academy,2,Ritenour,0
2019-08-30,Spokane,2,School of the Ozarks,0
2019-08-30,Collegiate School of Med-Bio Science,1,Soldan International Studies,0
2019-08-30,Zalma,0,South Iron,2
2019-08-30,Holcomb,2,Southland,0
2019-08-30,Villa Duchesne,2,Ursuline Academy,0
2019-08-30,Miller Career Academy,2,Waynesville,0
2019-08-30,Marquette,2,Washington,0
2019-08-30,Glendale,2,Waynesville,0
2019-08-30,Chadwick,0,Wheaton,2
2019-08-31,Veritas Christian Academy,2,Francis Howell North,0
2019-08-31,Holt,0,Francis Howell North,2
2019-08-31,Webster Groves,0,Francis Howell North,2
2019-08-31,Parkway Central,2,Francis Howell North,0
2019-08-31,Springfield Catholic,2,Francis Howell North,0
2019-08-31,Incarnate Word Academy,2,Holt,0
2019-08-31,Visitation Academy,2,Holt,0
2019-08-31,John Burroughs,0,Incarnate Word Academy,2
2019-08-31,Veritas Christian Academy,0,Incarnate Word Academy,2
2019-08-31,Visitation Academy,2,John Burroughs,1
2019-08-31,Visitation Academy,0,Lindbergh,2
2019-08-31,Holt,0,Lindbergh,2
2019-08-31,Webster Groves,0,Lindbergh,2
2019-08-31,Veritas Christian Academy,2,Lindbergh,1
2019-08-31,Incarnate Word Academy,2,Parkway Central,0
2019-08-31,Veritas Christian Academy,2,Parkway Central,0
2019-08-31,Springfield Catholic,0,Parkway Central,2
2019-08-31,Veritas Christian Academy,2,Springfield Catholic,0
2019-08-31,Incarnate Word Academy,2,Webster Groves,0
2019-08-31,John Burroughs,1,Webster Groves,1
2019-08-31,Springfield Catholic,0,Webster Groves,2
2019-09-02,Savannah,2,Sparta,0
2019-09-03,Westminster Christian Academy,2,Affton,1
2019-09-03,Dexter,1,Arcadia Valley,2
2019-09-03,Stockton,2,Ash Grove,0
2019-09-03,Lamar,1,Aurora,2
2019-09-03,Maplewood-Richmond Hts.,2,Bayless,0
2019-09-03,Valley Park,0,Bayless,2
2019-09-03,Principia,0,Bayless,2
2019-09-03,Greenville,1,Bell City,1
2019-09-03,Zalma,1,Bell City,0
2019-09-03,Oak Ridge,2,Bell City,0
2019-09-03,Grandview,0,Belton,2
2019-09-03,Pierce City,0,Billings,2
2019-09-03,Veritas Christian Academy,2,Bishop DuBourg,0
2019-09-03,Mid-Buchanan,0,Bishop LeBlond,2
2019-09-03,Webb City,1,Blair Oaks,2
2019-09-03,Cassville,0,Blue Eye,2
2019-09-03,Park Hill South,2,Blue Springs South,0
2019-09-03,St. Clair,2,Bourbon,0
2019-09-03,Warrenton,2,Bowling Green,0
2019-09-03,Logan-Rogersville,2,Branson,1
2019-09-03,Crossroads College Preparatory,2,Brentwood,0
2019-09-03,Gateway Science Charter,0,Brentwood,2
2019-09-03,Hancock,1,Brentwood,1
2019-09-03,Wright City,0,Bunker,2
2019-09-03,Fordland,0,Cabool,2
2019-09-03,Belle,0,Calvary Lutheran,2
2019-09-03,Waynesville,2,Carnahan,1
2019-09-03,Charleston,0,Caruthersville,2
2019-09-03,Harrisonville,2,Center,0
2019-09-03,Gideon,2,Central (New Madrid County),0
2019-09-03,Windsor (Imperial),0,Central (Park Hills),2
2019-09-03,Rolla,2,Central (Springfield),1
2019-09-03,Fulton,2,Centralia,0
2019-09-03,Bradleyville,0,Chadwick,2
2019-09-03,Northwest (Hughesville),0,Chilhowee,3
2019-09-03,Cooter,0,Clarkton,2
2019-09-03,Adrian,1,Clinton,2
2019-09-03,Roosevelt,0,Collegiate School of Med-Bio Science,2
2019-09-03,Mountain Grove,1,Conway,2
2019-09-03,Lindbergh,0,Cor Jesu Academy,2
2019-09-03,Clever,2,Crane,0
2019-09-03,Smithton,0,Crest Ridge,2
2019-09-03,Gateway Science Charter,0,Crossroads College Preparatory,2
2019-09-03,Bismarck,0,DeSoto,2
2019-09-03,Monett,0,Diamond,2
2019-09-03,East Prairie,0,Doniphan,2
2019-09-03,Lutheran (Kansas City),2,Drexel,0
2019-09-03,Purdy,0,East Newton,2
2019-09-03,Camdenton,2,Eldon,0
2019-09-03,West County,2,Ellington,1
2019-09-03,Clearwater,0,Eminence,2
2019-09-03,Pleasant Hope,2,Everton,0
2019-09-03,East (Kansas City),0,Ewing Marion Kauffman,2
2019-09-03,Mt. Vernon,1,Fair Grove,2
2019-09-03,Notre Dame (Cape Girardeau),2,Farmington,1
2019-09-03,Sacred Heart,2,Father Tolton,0
2019-09-03,Chamois,0,Fatima,2
2019-09-03,Ste. Genevieve,0,Festus,2
2019-09-03,Skyline,2,Forsyth,0
2019-09-03,Winnetonka,0,Fort Osage,2
2019-09-03,Rockwood Summit,2,Fox,0
2019-09-03,Herculaneum,0,Fredericktown,2
2019-09-03,Ft. Zumwalt West,2,Ft. Zumwalt East,0
2019-09-03,Miller,2,Galena,0
2019-09-03,Transportation and Law,0,Gateway,2
2019-09-03,Ozark,2,Glendale,1
2019-09-03,Zalma,1,Greenville,1
2019-09-03,Oak Ridge,2,Greenville,0
2019-09-03,Mexico,0,Hallsville,2
2019-09-03,Crossroads College Preparatory,1,Hancock,1
2019-09-03,Gateway Science Charter,1,Hancock,1
2019-09-03,Montgomery County,0,Hermann,2
2019-09-03,Northwest (Cedar Hill),2,Hillsboro,0
2019-09-03,Cole Camp,2,Holden,1
2019-09-03,Lockwood,0,Hollister,2
2019-09-03,Licking,2,Houston,0
2019-09-03,Verona,2,Hurley,0
2019-09-03,St. Vincent,0,Jackson,2
2019-09-03,Golden City,0,Jasper,2
2019-09-03,Rock Bridge,0,Jefferson City,2
2019-09-03,Hazelwood Central,1,John Burroughs,2
2019-09-03,Parkview,0,Joplin,2
2019-09-03,Campbell,2,Kennett,1
2019-09-03,Viburnum,2,Kingston,0
2019-09-03,Windsor,2,Kingsville,1
2019-09-03,Oakville,2,Kirkwood,0
2019-09-03,Villa Duchesne,0,Lafayette (Wildwood),3
2019-09-03,Lone Jack,0,Lafayette County,2
2019-09-03,Northeast Vernon County,2,Lakeland,1
2019-09-03,Trenton,0,Lawson,2
2019-09-03,Blue Springs,2,Lee's Summit,0
2019-09-03,Platte County,0,Lee's Summit West,2
2019-09-03,Wellington-Napoleon,2,Lexington,0
2019-09-03,Troy Buchanan,0,Liberty (Wentzville),2
2019-09-03,Lee's Summit North,2,Liberty North,0
2019-09-03,California,2,Linn,0
2019-09-03,Springfield Catholic,2,Lutheran St. Charles,1
2019-09-03,Hayti,0,Malden,2
2019-09-03,Valley Park,0,Maplewood-Richmond Hts.,2
2019-09-03,Principia,0,Maplewood-Richmond Hts.,2
2019-09-03,Kirksville,2,Marshall,0
2019-09-03,East Buchanan,0,Maryville,3
2019-09-03,Sarcoxie,1,McAuley Catholic,2
2019-09-03,University City,0,McCluer North,2
2019-09-03,Carthage,2,McDonald County,0
2019-09-03,Metro,0,McKinley Classical Leadership,0
2019-09-03,Barstow,1,Midway,2
2019-09-03,Parkway West,0,Nerinx Hall,2
2019-09-03,Cuba,1,New Haven,2
2019-09-03,School of the Ozarks,2,Niangua,0
2019-09-03,Summersville,0,North Pemiscot,2
2019-09-03,North Platte,2,Northland Christian,0
2019-09-03,Zalma,1,Oak Ridge,1
2019-09-03,Bolivar,2,Osceola,1
2019-09-03,Capital City,0,Owensville,2
2019-09-03,Liberty,2,Park Hill,0
2019-09-03,Marquette,2,Parkway Central,0
2019-09-03,Hazelwood West,0,Parkway North,2
2019-09-03,Ladue Horton Watkins,0,Pattonville,2
2019-09-03,Valle Catholic,2,Perryville,0
2019-09-03,St. Joseph Christian,2,Plattsburg,0
2019-09-03,Puxico,0,Poplar Bluff,2
2019-09-03,Senath-Hornersville,2,Portageville,1
2019-09-03,Kearney,0,Raymore-Peculiar,2
2019-09-03,Lebanon,1,Republic,2
2019-09-03,Miami (Amoret),0,Rich Hill,2
2019-09-03,Oran,2,Risco,0
2019-09-03,Orchard Farm,2,Ritenour,1
2019-09-03,La Monte,2,Sarcoxie,1
2019-09-03,Carrollton,0,Santa Fe,2
2019-09-03,Central (St. Joseph),3,Savannah,0
2019-09-03,Jefferson (Festus),1,Seckman,2
2019-09-03,Neosho,0,Seneca,2
2019-09-03,Wheaton,2,Sheldon,0
2019-09-03,Archie,2,Sherwood,0
2019-09-03,Bernie,2,Sikeston,0
2019-09-03,Central (Kansas City),2,Southeast,0
2019-09-03,Boonville,0,Southern Boone,2
2019-09-03,Ava,0,Springfield Catholic,2
2019-09-03,Ft. Zumwalt North,2,St. Charles,0
2019-09-03,Notre Dame (St. Louis),0,St. Dominic,2
2019-09-03,Helias Catholic,1,St. Joseph's Academy,2
2019-09-03,Salem,0,St. James,2
2019-09-03,Oak Grove,0,St. Michael the Archangel,2
2019-09-03,Knob Noster,0,St. Paul Lutheran (Concordia),2
2019-09-03,South Iron,2,St. Paul Lutheran (Farmington),0
2019-09-03,Oak Park,1,Staley,2
2019-09-03,Dixon,0,Willard,2
2019-09-03,Miller Career Academy,2,West Plains,0
2019-09-03,Koshkonong,0,Thayer,2
2019-09-03,Greenfield,2,Thomas Jefferson Independent Day,0
2019-09-03,Eugene,2,Tipton,0
2019-09-03,William Chrisman,0,St. Charles,2
2019-09-03,Potosi,0,Union,2
2019-09-03,Lincoln College Prep,2,University Academy Charter,1
2019-09-03,Lesterville,2,Valley,0
2019-09-03,Principia,1,Valley Park,1
2019-09-03,Lafayette (St. Joseph),2,Versailles,1
2019-09-03,Buffalo,2,Warsaw,0
2019-09-03,Timberland,1,Washington,2
2019-09-03,MICDS,0,Webster Groves,2
2019-09-03,Liberty (Mountain View),0,Willard,2
2019-09-03,Hillcrest,1,Willow Springs,2
2019-09-03,Ft. Zumwalt South,0,Winfield,2
2019-09-04,Oakville,2,Affton,0
2019-09-04,Hancock,0,Bayless,2
2019-09-04,Principia,0,Brentwood,2
2019-09-04,Normandy Collaborative,2,Confluence Prep Academy Charter,0
2019-09-04,Hogan Prep Academy Charter,0,Ewing Marion Kauffman,2
2019-09-04,Savannah,1,Excelsior Springs,2
2019-09-04,Pacific,1,Fox,2
2019-09-04,Seneca,0,Fredericktown,2
2019-09-04,St. Charles West,1,Ft. Zumwalt North,2
2019-09-04,Valley Park,1,Hancock,2
2019-09-04,Riverview Gardens,0,Hazelwood Central,2
2019-09-04,St. Joseph's Academy,0,Lafayette (Wildwood),2
2019-09-04,Ursuline Academy,0,Lindbergh,2
2019-09-04,Springfield Catholic,1,Lutheran South,2
2019-09-04,Gateway Science Charter,0,Maplewood-Richmond Hts.,2
2019-09-04,Cor Jesu Academy,2,Mehlville,0
2019-09-04,St. Pius X (Kansas City),2,Pembroke Hill,1
2019-09-04,North County,1,Poplar Bluff,2
2019-09-04,Gateway Science Charter,2,Principia,1
2019-09-04,Raymore-Peculiar,2,Raytown,0
2019-09-04,Central (Cape Girardeau),2,Sikeston,0
2019-09-04,Lincoln,0,Skyline,2
2019-09-04,Penney,2,South Harrison,0
2019-09-04,Crossroads College Preparatory,2,Valley Park,0
2019-09-04,Eureka,2,Veritas Christian Academy,0
2019-09-04,St. Dominic,2,Visitation Academy,0
2019-09-04,Montgomery County,0,Warrenton,3
2019-09-04,Incarnate Word Academy,2,Westminster Christian Academy,0
2019-09-04,Liberty,2,Whitfield,0
2019-09-04,Liberty (Wentzville),2,Whitfield,0
2019-09-05,Lone Jack,2,Archie,1
2019-09-05,Greenfield,0,Ash Grove,2
2019-09-05,Lakeland,2,Ballard,0
2019-09-05,Holden,1,Barstow,2
2019-09-05,Crossroads College Preparatory,1,Bayless,2
2019-09-05,Maplewood-Richmond Hts.,2,Bayless,0
2019-09-05,New Haven,2,Belle,0
2019-09-05,Harrisonville,2,Belton,1
2019-09-05,Crystal City,0,Bismarck,2
2019-09-05,Osage,0,Blair Oaks,2
2019-09-05,Staley,0,Blue Springs,3
2019-09-05,Wright City,2,Bowling Green,0
2019-09-05,School of the Ozarks,2,Bradleyville,0
2019-09-05,Maplewood-Richmond Hts.,2,Brentwood,0
2019-09-05,Crossroads College Preparatory,1,Brentwood,2
2019-09-05,Sheldon,2,Bronaugh,0
2019-09-05,Centralia,2,Brookfield,0
2019-09-05,Fair Grove,2,Buffalo,1
2019-09-05,Midway,2,Butler,1
2019-09-05,Boonville,0,California,2
2019-09-05,Battle,0,Calvary Lutheran,2
2019-09-05,Rock Bridge,0,Camdenton,2
2019-09-05,Lawson,2,Cameron,1
2019-09-05,STEAM Academy,2,Cardinal Ritter,1
2019-09-05,Joplin,2,Cassville,0
2019-09-05,Ruskin,0,Center,2
2019-09-05,Hayti,0,Central (New Madrid County),2
2019-09-05,Blue Springs South,2,Central (St. Joseph),0
2019-09-05,Kennett,2,Charleston,0
2019-09-05,Miami (Amoret),1,Chilhowee,2
2019-09-05,Kingsville,1,Chilhowee,2
2019-09-05,Trenton,1,Chillicothe,2
2019-09-05,Aurora,0,Clever,2
2019-09-05,Bolivar,2,Clinton,1
2019-09-05,Plato,0,Conway,2
2019-09-05,Campbell,2,Cooter,0
2019-09-05,Fordland,0,Crane,2
2019-09-05,Jackson,1,Dexter,2
2019-09-05,Springfield Catholic,2,Duchesne,1
2019-09-05,Clearwater,0,Ellington,2
2019-09-05,Father Tolton,0,Eugene,2
2019-09-05,Farmington,0,Festus,2
2019-09-05,Grain Valley,1,Fort Osage,2
2019-09-05,Francis Howell North,1,Francis Howell Central,2
2019-09-05,South Iron,0,Fredericktown,2
2019-09-05,Ft. Zumwalt North,2,Ft. Zumwalt East,0
2019-09-05,Washington,2,Ft. Zumwalt South,1
2019-09-05,Holt,2,Ft. Zumwalt West,0
2019-09-05,Marshall,2,Fulton,0
2019-09-05,Richland (Essex),0,Gideon,2
2019-09-05,Versailles,2,Grandview,1
2019-09-05,Gateway Science Charter,2,Hancock,0
2019-09-05,Jefferson City,2,Hermann,1
2019-09-05,Rolla,0,Hickman,2
2019-09-05,Cuba,0,Houston,2
2019-09-05,St. Joseph's Academy,3,Incarnate Word Academy,1
2019-09-05,Liberty North,2,Kearney,0
2019-09-05,Bourbon,2,Kingston,1
2019-09-05,Miami (Amoret),0,Kingsville,2
2019-09-05,Mexico,0,Kirksville,2
2019-09-05,Ursuline Academy,0,Kirkwood,2
2019-09-05,Green Ridge,3,Knob Noster,1
2019-09-05,Sarcoxie,1,La Monte,2
2019-09-05,Parkway West,2,Ladue Horton Watkins,0
2019-09-05,Excelsior Springs,2,Lafayette (St. Joseph),1
2019-09-05,Branson,2,Lebanon,0
2019-09-05,Notre Dame de Sion,0,Lee's Summit,2
2019-09-05,Meadow Heights,0,Leopold,2
2019-09-05,Woodland,1,Leopold,1
2019-09-05,Saxony Lutheran,0,Leopold,2
2019-09-05,Arcadia Valley,2,Lesterville,1
2019-09-05,Winona,0,Licking,2
2019-09-05,Owensville,2,Linn,0
2019-09-05,New Heights Christian,2,Lockwood,0
2019-09-05,Rich Hill,0,Lutheran (Kansas City),2
2019-09-05,Bishop DuBourg,0,Lutheran St. Charles,2
2019-09-05,Summersville,0,Malden,2
2019-09-05,Bunker,2,Marquand-Zion,0
2019-09-05,Jasper,0,McAuley Catholic,2
2019-09-05,Diamond,2,McDonald County,1
2019-09-05,West Plains,0,McKinley Classical Leadership,2
2019-09-05,Woodland,2,Meadow Heights,0
2019-09-05,Saxony Lutheran,2,Meadow Heights,0
2019-09-05,Soldan International Studies,0,Metro,2
2019-09-05,Collegiate School of Med-Bio Science,2,Miller Career Academy,0
2019-09-05,Central (Springfield),1,Monett,2
2019-09-05,North Callaway,0,Montgomery County,2
2019-09-05,Nevada,2,Mt. Vernon,0
2019-09-05,East Newton,0,Neosho,2
2019-09-05,Villa Duchesne,1,Nerinx Hall,2
2019-09-05,Galena,2,Niangua,1
2019-09-05,Glendale,0,Nixa,2
2019-09-05,DeSoto,0,North County,2
2019-09-05,Holcomb,2,North Pemiscot,1
2019-09-05,East (Kansas City),2,Northeast (Kansas City),0
2019-09-05,Lafayette (Wildwood),2,Northwest (Cedar Hill),0
2019-09-05,Lutheran South,2,Notre Dame (St. Louis),0
2019-09-05,Capital City,0,Oak Grove,2
2019-09-05,Sparta,0,Oak Park,2
2019-09-05,East Prairie,0,Oran,2
2019-09-05,Winfield,0,Orchard Farm,2
2019-09-05,El Dorado Springs,2,Osceola,0
2019-09-05,Columbia Independent,0,Otterville,2
2019-09-05,Seckman,2,Pacific,0
2019-09-05,Parkway North,0,Parkway Central,2
2019-09-05,MICDS,1,Parkway South,2
2019-09-05,Northwest (Cedar Hill),2,Parkway South,0
2019-09-05,Plattsburg,1,Penney,2
2019-09-05,Purdy,0,Pierce City,2
2019-09-05,Park Hill,2,Platte County,3
2019-09-05,Helias Catholic,2,Pleasant Hill,0
2019-09-05,St. Clair,2,Potosi,0
2019-09-05,St. Charles,0,Raymore-Peculiar,2
2019-09-05,Raytown South,0,Raytown,2
2019-09-05,Seneca,0,Reeds Spring,2
2019-09-05,Kickapoo,2,Republic,0
2019-09-05,Summit Christian Academy,2,Richmond,0
2019-09-05,Southland,0,Risco,2
2019-09-05,Crest Ridge,2,Sacred Heart,0
2019-09-05,Northwest (Hughesville),0,Santa Fe,2
2019-09-05,Warsaw,0,Sherwood,2
2019-09-05,Odessa,2,Savannah,0
2019-09-05,Concordia,2,Smithton,0
2019-09-05,Maryville,2,South Harrison,0
2019-09-05,North Nodaway,0,St. James,2
2019-09-05,Cristo Rey,2,Southeast,0
2019-09-05,Marionville,2,Southwest (Washburn),0
2019-09-05,Ava,2,Union,1
2019-09-05,Hollister,2,Spokane,1
2019-09-05,Parkview,2,Springfield Catholic,1
2019-09-05,Warrenton,2,St. Charles West,0
2019-09-05,Warrensburg,0,St. Michael the Archangel,2
2019-09-05,Lafayette County,1,St. Paul Lutheran (Concordia),2
2019-09-05,Jefferson (Festus),0,Ste. Genevieve,2
2019-09-05,Lamar,0,Stockton,2
2019-09-05,Forsyth,0,Winona,2
2019-09-05,Whitfield,0,Webb City,2
2019-09-05,Thayer,0,Wright City,2
2019-09-05,Miller,2,Thomas Jefferson Independent Day,0
2019-09-05,Liberty (Wentzville),1,Timberland,2
2019-09-05,Roosevelt,1,Transportation and Law,2
2019-09-05,Francis Howell,2,Troy Buchanan,0
2019-09-05,Windsor (Imperial),2,Union,0
2019-09-05,Central (Park Hills),2,Valle Catholic,1
2019-09-05,St. Paul Lutheran (Farmington),2,Valley,0
2019-09-05,Gateway,2,Waynesville,1
2019-09-05,Trinity Catholic,0,Veritas Christian Academy,2
2019-09-05,Golden City,1,Verona,2
2019-09-05,Tipton,2,Versailles,1
2019-09-05,Eminence,2,Viburnum,0
2019-09-05,John Burroughs,1,Visitation Academy,2
2019-09-05,Marshfield,2,Waynesville,0
2019-09-05,Carrollton,0,Wellington-Napoleon,2
2019-09-05,Herculaneum,1,West County,2
2019-09-05,Liberty (Mountain View),2,West Plains,1
2019-09-05,Orrick,0,West Platte,2
2019-09-05,Northeast Vernon County,0,Wheaton,2
2019-09-05,Hillcrest,0,Willard,2
2019-09-05,Lee's Summit North,2,William Chrisman,0
2019-09-05,North Kansas City,2,Winnetonka,1
2019-09-05,Saxony Lutheran,0,Woodland,2
2019-09-06,Richland (Essex),0,Advance,2
2019-09-06,Woodland,2,Bell City,0
2019-09-06,Reeds Spring,2,Blue Eye,0
2019-09-06,Collegiate School of Med-Bio Science,2,Cardinal Ritter,1
2019-09-06,Fordland,2,Chadwick,1
2019-09-06,Hogan Prep Academy Charter,0,Cristo Rey,3
2019-09-06,MICDS,0,Duchesne,2
2019-09-06,Farmington,0,Eureka,2
2019-09-06,Leopold,2,Greenville,0
2019-09-06,Notre Dame (Cape Girardeau),2,Hillsboro,0
2019-09-06,New Haven,0,Hillsboro,2
2019-09-06,Delta (Deering),0,Holcomb,2
2019-09-06,Niangua,0,Hurley,2
2019-09-06,Arcadia Valley,2,Kingston,0
2019-09-06,Father Tolton,0,Lutheran St. Charles,2
2019-09-06,Oak Ridge,1,Meadow Heights,2
2019-09-06,Lutheran North,0,Metro,2
2019-09-06,Normandy Collaborative,0,Miller Career Academy,2
2019-09-06,Confluence Prep Academy Charter,1,North Technical,2
2019-09-06,Parkway North,0,Parkway West,2
2019-09-06,Southland,0,Senath-Hornersville,2
2019-09-06,Dixon,0,Warsaw,2
2019-09-06,Eugene,2,Willard,1
2019-09-06,Ellington,1,Viburnum,2
2019-09-06,Pattonville,2,Webster Groves,0
2019-09-06,Saxony Lutheran,2,Zalma,0
2019-09-07,Lutheran (Kansas City),1,Adrian,1
2019-09-07,Harrisonville,2,Adrian,0
2019-09-07,Lone Jack,1,Adrian,1
2019-09-07,Sherwood,0,Adrian,2
2019-09-07,Holden,0,Adrian,2
2019-09-07,DeSoto,1,Affton,1
2019-09-07,Parkway South,0,Affton,2
2019-09-07,St. Pius X (Festus),1,Affton,1
2019-09-07,Windsor (Imperial),0,Affton,2
2019-09-07,St. James,0,Benton,2
2019-09-07,St. Joseph Christian,2,Benton,1
2019-09-07,Rock Port,1,Benton,2
2019-09-07,Carthage,0,Blue Springs South,2
2019-09-07,Winona,0,Branson,2
2019-09-07,Jasper,2,Bronaugh,0
2019-09-07,McAuley Catholic,2,Bronaugh,0
2019-09-07,Kickapoo,2,Carthage,0
2019-09-07,Branson,2,Cassville,0
2019-09-07,Mountain Grove,0,Cassville,2
2019-09-07,Clinton,2,Cassville,0
2019-09-07,Summit Christian Academy,2,Cassville,0
2019-09-07,Winona,2,Central (Springfield),0
2019-09-07,Mt. Vernon,2,Central (Springfield),0
2019-09-07,Springfield Catholic,2,Chadwick,0
2019-09-07,Spokane,2,Chadwick,0
2019-09-07,Hurley,2,Chadwick,0
2019-09-07,Pacific,1,Clayton,1
2019-09-07,Mehlville,1,Clayton,1
2019-09-07,Windsor (Imperial),2,Clayton,0
2019-09-07,Branson,2,Clinton,0
2019-09-07,Mountain Grove,1,Clinton,1
2019-09-07,Father Tolton,1,Clinton,2
2019-09-07,Summit Christian Academy,0,Clinton,2
2019-09-07,Mt. Vernon,2,Clinton,0
2019-09-07,Parkway South,1,DeSoto,1
2019-09-07,St. Pius X (Festus),1,DeSoto,1
2019-09-07,Clayton,2,DeSoto,0
2019-09-07,North Platte,0,East Buchanan,2
2019-09-07,Penney,0,East Buchanan,2
2019-09-07,Lawson,2,East Buchanan,0
2019-09-07,Mid-Buchanan,2,East Buchanan,1
2019-09-07,West Platte,2,East Buchanan,0
2019-09-07,Marionville,1,Everton,1
2019-09-07,Galena,2,Everton,0
2019-09-07,Fort Osage,0,Excelsior Springs,2
2019-09-07,Lutheran (Kansas City),2,Excelsior Springs,1
2019-09-07,Verona,2,Exeter,0
2019-09-07,Sarcoxie,2,Exeter,0
2019-09-07,Lebanon,0,Fair Grove,2
2019-09-07,Father Tolton,0,Fair Grove,2
2019-09-07,Nerinx Hall,2,Farmington,0
2019-09-07,Kirkwood,1,Francis Howell Central,1
2019-09-07,St. Joseph's Academy,2,Francis Howell Central,0
2019-09-07,Westminster Christian Academy,1,Francis Howell Central,1
2019-09-07,Parkway West,2,Francis Howell Central,1
2019-09-07,Marionville,0,Galena,2
2019-09-07,Miller,2,Galena,0
2019-09-07,Verona,2,Golden City,1
2019-09-07,Southwest (Washburn),0,Golden City,2
2019-09-07,Miller,2,Golden City,0
2019-09-07,Everton,0,Greenfield,2
2019-09-07,Marionville,0,Greenfield,2
2019-09-07,Galena,1,Greenfield,1
2019-09-07,Sarcoxie,2,Greenfield,0
2019-09-07,Lutheran (Kansas City),1,Harrisonville,1
2019-09-07,Excelsior Springs,2,Harrisonville,0
2019-09-07,Sherwood,0,Harrisonville,2
2019-09-07,Lone Jack,0,Harrisonville,2
2019-09-07,Fort Osage,2,Harrisonville,0
2019-09-07,Holden,2,Harrisonville,0
2019-09-07,Lexington,0,Harrisonville,2
2019-09-07,Woodland,2,Hillsboro,0
2019-09-07,Bloomfield,0,Hillsboro,2
2019-09-07,Arcadia Valley,2,Hillsboro,0
2019-09-07,Excelsior Springs,2,Holden,0
2019-09-07,Lexington,0,Holden,2
2019-09-07,Fort Osage,2,Holden,0
2019-09-07,Lone Jack,0,Holden,2
2019-09-07,Spokane,1,Hollister,1
2019-09-07,Hurley,0,Hollister,2
2019-09-07,Springfield Catholic,2,Hollister,0
2019-09-07,Pleasant Hope,0,Hollister,2
2019-09-07,Chadwick,0,Hollister,2
2019-09-07,Pleasant Hope,2,Hurley,0
2019-09-07,Spokane,1,Hurley,1
2019-09-07,Thomas Jefferson Independent Day,1,Jasper,2
2019-09-07,McAuley Catholic,0,Jasper,2
2019-09-07,Jasper,0,Jasper,2
2019-09-07,St. Joseph's Academy,2,Kirkwood,0
2019-09-07,Westminster Christian Academy,2,Kirkwood,0
2019-09-07,Lutheran South,2,Kirkwood,0
2019-09-07,Mid-Buchanan,2,Lathrop,0
2019-09-07,West Platte,2,Lathrop,0
2019-09-07,Plattsburg,1,Lathrop,1
2019-09-07,Penney,0,Lathrop,2
2019-09-07,North Platte,1,Lathrop,2
2019-09-07,Mid-Buchanan,0,Lawson,2
2019-09-07,West Platte,0,Lawson,2
2019-09-07,North Platte,1,Lawson,1
2019-09-07,Penney,0,Lawson,2
2019-09-07,Branson,2,Lebanon,0
2019-09-07,Father Tolton,0,Lebanon,2
2019-09-07,Meadow Heights,0,Leopold,2
2019-09-07,Woodland,2,Leopold,0
2019-09-07,Excelsior Springs,2,Lexington,0
2019-09-07,Fort Osage,2,Lexington,0
2019-09-07,Sherwood,2,Lexington,1
2019-09-07,Verona,2,Lockwood,0
2019-09-07,Exeter,0,Lockwood,2
2019-09-07,Sarcoxie,2,Lockwood,0
2019-09-07,Golden City,2,Lockwood,1
2019-09-07,Lutheran (Kansas City),2,Lone Jack,0
2019-09-07,Sherwood,1,Lone Jack,1
2019-09-07,Fort Osage,2,Lutheran (Kansas City),0
2019-09-07,St. Dominic,2,Lutheran South,0
2019-09-07,Exeter,0,Marionville,2
2019-09-07,Saxony Lutheran,0,Meadow Heights,2
2019-09-07,Pacific,1,Mehlville,1
2019-09-07,Windsor (Imperial),1,Mehlville,1
2019-09-07,St. Pius X (Festus),2,Mehlville,1
2019-09-07,Windsor,1,Mehlville,2
2019-09-07,Plattsburg,0,Mid-Buchanan,2
2019-09-07,West Platte,2,Mid-Buchanan,0
2019-09-07,Southwest (Washburn),0,Miller,2
2019-09-07,Sarcoxie,0,Miller,2
2019-09-07,Branson,2,Mountain Grove,0
2019-09-07,Winona,2,Mt. Vernon,0
2019-09-07,St. James,0,Nodaway-Holt,2
2019-09-07,Plattsburg,0,North Platte,2
2019-09-07,Penney,0,North Platte,2
2019-09-07,Windsor (Imperial),1,Pacific,1
2019-09-07,Summit Christian Academy,0,Parkview,2
2019-09-07,Republic,1,Parkview,1
2019-09-07,Winnetonka,1,Parkview,1
2019-09-07,Rockwood Summit,2,Parkview,0
2019-09-07,Pacific,2,Parkway South,1
2019-09-07,St. Pius X (Festus),2,Parkway South,0
2019-09-07,Washington,1,Parkway West,1
2019-09-07,Lutheran South,1,Parkway West,1
2019-09-07,St. Dominic,2,Parkway West,0
2019-09-07,West Platte,2,Plattsburg,0
2019-09-07,Springfield Catholic,2,Pleasant Hope,0
2019-09-07,School of the Ozarks,0,Pleasant Hope,2
2019-09-07,Spokane,1,Pleasant Hope,2
2019-09-07,Golden City,1,Purdy,1
2019-09-07,Miller,2,Purdy,0
2019-09-07,Southwest (Washburn),2,Purdy,0
2019-09-07,Everton,0,Purdy,2
2019-09-07,Marionville,1,Purdy,2
2019-09-07,Fair Grove,0,Reeds Spring,2
2019-09-07,Lebanon,1,Reeds Spring,1
2019-09-07,Father Tolton,0,Reeds Spring,2
2019-09-07,Summit Christian Academy,0,Republic,2
2019-09-07,Winona,2,Republic,0
2019-09-07,Winona,0,Rockwood Summit,2
2019-09-07,Branson,2,Rockwood Summit,1
2019-09-07,Central (Springfield),0,Rockwood Summit,2
2019-09-07,Fair Grove,0,Rockwood Summit,2
2019-09-07,Mt. Vernon,0,Rockwood Summit,2
2019-09-07,Nerinx Hall,1,Rolla,2
2019-09-07,Verona,0,Sarcoxie,2
2019-09-07,Thomas Jefferson Independent Day,2,Sheldon,0
2019-09-07,McAuley Catholic,1,Sheldon,1
2019-09-07,Lutheran (Kansas City),2,Sherwood,0
2019-09-07,Verona,2,Southwest (Washburn),0
2019-09-07,Springfield Catholic,2,Spokane,1
2019-09-07,School of the Ozarks,0,Spokane,2
2019-09-07,School of the Ozarks,0,Springfield Catholic,2
2019-09-07,St. Joseph's Academy,2,St. Dominic,0
2019-09-07,Westminster Christian Academy,0,St. Dominic,2
2019-09-07,Westminster Christian Academy,0,St. Joseph's Academy,2
2019-09-07,McAuley Catholic,1,Thomas Jefferson Independent Day,1
2019-09-07,Lutheran South,0,Washington,2
2019-09-07,St. Dominic,2,Washington,0
2019-09-07,St. Joseph's Academy,2,Washington,0
2019-09-07,Westminster Christian Academy,1,Washington,2
2019-09-07,Summit Christian Academy,1,Winnetonka,1
2019-09-07,Republic,2,Winnetonka,0
2019-09-07,Mountain Grove,0,Winnetonka,2
2019-09-07,Mt. Vernon,2,Winnetonka,0
2019-09-07,Saxony Lutheran,0,Woodland,2
2019-09-09,Bernie,0,Advance,2
2019-09-09,Webb City,2,Aurora,0
2019-09-09,Fordland,0,Ava,2
2019-09-09,Maplewood-Richmond Hts.,2,Bayless,0
2019-09-09,Gideon,2,Bell City,0
2019-09-09,Maryville,2,Benton,0
2019-09-09,Sherwood,0,Buffalo,2
2019-09-09,Rich Hill,1,Butler,2
2019-09-09,Trenton,0,Cameron,2
2019-09-09,West Plains,0,Carnahan,2
2019-09-09,Orrick,2,Carrollton,0
2019-09-09,Senath-Hornersville,2,Central (New Madrid County),1
2019-09-09,Eugene,2,Chamois,0
2019-09-09,Metro,2,Collegiate School of Med-Bio Science,1
2019-09-09,Santa Fe,2,Concordia,0
2019-09-09,Risco,2,Cooter,0
2019-09-09,Northwest (Hughesville),0,Crest Ridge,2
2019-09-09,North Technical,0,Crossroads College Preparatory,2
2019-09-09,Valley,1,Crystal City,2
2019-09-09,Richland (Essex),0,Dexter,2
2019-09-09,Warsaw,2,Dixon,0
2019-09-09,Fredericktown,2,Doniphan,0
2019-09-09,South Harrison,0,East Buchanan,2
2019-09-09,Central (Cape Girardeau),2,East Prairie,0
2019-09-09,Rockwood Summit,0,Eureka,2
2019-09-09,Union,2,Exeter,0
2019-09-09,Cabool,2,Fair Grove,0
2019-09-09,Centralia,0,Father Tolton,2
2019-09-09,McKinley Classical Leadership,0,Gateway,2
2019-09-09,Santa Fe,2,Green Ridge,0
2019-09-09,Concordia,0,Green Ridge,2
2019-09-09,Cassville,0,Hillcrest,2
2019-09-09,Hayti,0,Holcomb,2
2019-09-09,Kingston,0,Jefferson (Festus),0
2019-09-09,STEAM Academy,2,Jennings,1
2019-09-09,Oran,0,Kennett,2
2019-09-09,Hancock,2,Lift for Life Academy Charter,0
2019-09-09,Spokane,2,Marionville,0
2019-09-09,Willard,2,Marshfield,0
2019-09-09,Brookfield,0,Mexico,2
2019-09-09,Hurley,0,Miller,2
2019-09-09,Capital City,0,New Haven,2
2019-09-09,Sarcoxie,2,North Callaway,1
2019-09-09,Sikeston,1,Notre Dame (Cape Girardeau),2
2019-09-09,MICDS,0,Parkway North,2
2019-09-09,Campbell,2,Portageville,0
2019-09-09,McCluer North,2,Riverview Gardens,0
2019-09-09,Bishop LeBlond,2,Rock Port,0
2019-09-09,Winona,2,Salem,0
2019-09-09,Malden,0,Seneca,2
2019-09-09,Jefferson City,2,Savannah,0
2019-09-09,Waynesville,2,Soldan International Studies,1
2019-09-09,Ft. Zumwalt East,0,St. Charles,2
2019-09-09,North Nodaway,0,St. Joseph Christian,2
2019-09-09,Conway,1,Willard,2
2019-09-09,Bishop DuBourg,0,Trinity Catholic,2
2019-09-09,Summersville,0,St. Clair,2
2019-09-09,Visitation Academy,2,Ursuline Academy,0
2019-09-09,Versailles,0,Warrensburg,2
2019-09-09,Pierce City,2,Wheaton,1
2019-09-09,Skyline,2,Windsor,0
2019-09-10,Oran,0,Advance,2
2019-09-10,Windsor,0,Archie,2
2019-09-10,Hollister,1,Ava,2
2019-09-10,Hume,2,Ballard,0
2019-09-10,Miami (Amoret),2,Ballard,0
2019-09-10,Owensville,2,Belle,0
2019-09-10,Campbell,0,Bernie,3
2019-09-10,Pembroke Hill,1,Bishop LeBlond,2
2019-09-10,Richland (Essex),0,Bloomfield,2
2019-09-10,Liberty,1,Blue Springs,3
2019-09-10,Hickman,2,Boonville,0
2019-09-10,Hurley,2,Bradleyville,0
2019-09-10,Affton,2,Brentwood,0
2019-09-10,Jasper,2,Bronaugh,0
2019-09-10,Chillicothe,2,Brookfield,0
2019-09-10,Plato,0,Cabool,2
2019-09-10,Father Tolton,0,California,2
2019-09-10,Smithton,0,Calvary Lutheran,2
2019-09-10,Excelsior Springs,2,Cameron,0
2019-09-10,Marshall,2,Carrollton,0
2019-09-10,Winona,0,Carthage,2
2019-09-10,Malden,2,Central (New Madrid County),1
2019-09-10,DeSoto,0,Central (Park Hills),2
2019-09-10,Webb City,2,Central (Springfield),1
2019-09-10,Liberty North,2,Central (St. Joseph),0
2019-09-10,Kingsville,1,Chilhowee,2
2019-09-10,Buffalo,2,Conway,1
2019-09-10,Adrian,1,Crest Ridge,2
2019-09-10,Crystal City,2,Crossroads College Preparatory,1
2019-09-10,Bourbon,0,Cuba,2
2019-09-10,Cooter,1,Delta (Deering),2
2019-09-10,East Newton,0,Diamond,2
2019-09-10,Ballard,1,Drexel,2
2019-09-10,Hume,0,Drexel,2
2019-09-10,Miami (Amoret),0,Drexel,2
2019-09-10,West Plains,2,East (Kansas City),0
2019-09-10,Butler,0,El Dorado Springs,2
2019-09-10,Salem,0,Eminence,2
2019-09-10,Southern Boone,0,Eugene,2
2019-09-10,Greenfield,2,Everton,1
2019-09-10,Marshfield,2,Fair Grove,1
2019-09-10,Hillsboro,1,Farmington,2
2019-09-10,Linn,0,Fatima,2
2019-09-10,Valle Catholic,1,Festus,2
2019-09-10,Willow Springs,2,Fordland,0
2019-09-10,School of the Ozarks,0,Forsyth,2
2019-09-10,Oak Park,0,Fort Osage,2
2019-09-10,Ft. Zumwalt South,0,Francis Howell Central,2
2019-09-10,Clarkton,0,Gideon,2
2019-09-10,Republic,0,Glendale,2
2019-09-10,Blue Springs South,2,Grain Valley,0
2019-09-10,Sparta,2,Grandview,1
2019-09-10,Valley,0,Grandview (Hillsboro),2
2019-09-10,Kirksville,2,Hallsville,0
2019-09-10,St. Michael the Archangel,2,Harrisonville,0
2019-09-10,Portageville,2,Hayti,0
2019-09-10,Trinity Catholic,0,Hazelwood Central,2
2019-09-10,Riverview Gardens,2,Hazelwood East,0
2019-09-10,Ft. Zumwalt North,2,Hazelwood West,0
2019-09-10,Jefferson City,2,Helias Catholic,1
2019-09-10,Central (Kansas City),0,Hogan Prep Academy Charter,2
2019-09-10,Miami (Amoret),1,Hume,2
2019-09-10,STEAM Academy,2,Jennings,1
2019-09-10,Parkway Central,2,John Burroughs,0
2019-09-10,Platte County,2,Kearney,0
2019-09-10,Summersville,0,Kennett,2
2019-09-10,Ozark,0,Kickapoo,2
2019-09-10,West Plains,2,KIPP St. Louis Sr.,0
2019-09-10,Webster Groves,1,Kirkwood,2
2019-09-10,Clinton,3,Knob Noster,0
2019-09-10,Columbia Independent,0,La Monte,2
2019-09-10,Fox,2,Ladue Horton Watkins,1
2019-09-10,Mid-Buchanan,2,Lafayette (St. Joseph),1
2019-09-10,Parkway South,0,Lafayette (Wildwood),2
2019-09-10,Odessa,2,Lafayette County,0
2019-09-10,Sheldon,1,Lakeland,2
2019-09-10,Liberal,1,Lamar,2
2019-09-10,Orrick,0,Lathrop,2
2019-09-10,Northland Christian,0,Lawson,2
2019-09-10,Battle,1,Lebanon,2
2019-09-10,St. Charles,0,Lee's Summit,2
2019-09-10,Park Hill,2,Lee's Summit North,0
2019-09-10,Raymore-Peculiar,0,Lee's Summit West,2
2019-09-10,Ellington,0,Lesterville,2
2019-09-10,Hancock,2,Lift for Life Academy Charter,0
2019-09-10,Warsaw,0,Lincoln,2
2019-09-10,Osceola,2,Lockwood,1
2019-09-10,Nixa,2,Logan-Rogersville,0
2019-09-10,Lexington,0,Lone Jack,2
2019-09-10,Midway,0,Lutheran (Kansas City),2
2019-09-10,Valley Park,1,Lutheran North,2
2019-09-10,Wheaton,2,Marionville,1
2019-09-10,Northwest (Cedar Hill),0,Marquette,2
2019-09-10,Normandy Collaborative,0,McCluer,2
2019-09-10,Joplin,0,McDonald County,0
2019-09-10,St. Charles,2,MICDS,0
2019-09-10,Sarcoxie,0,Monett,2
2019-09-10,Bowling Green,0,Montgomery County,2
2019-09-10,Licking,2,Mountain Grove,0
2019-09-10,Seneca,1,Mt. Vernon,2
2019-09-10,Mehlville,2,Nerinx Hall,0
2019-09-10,Blair Oaks,2,New Haven,0
2019-09-10,Chadwick,2,Niangua,1
2019-09-10,St. James,2,Nodaway-Holt,0
2019-09-10,Fulton,2,North Callaway,0
2019-09-10,Raytown,0,North Kansas City,2
2019-09-10,Miller Career Academy,1,North Technical,2
2019-09-10,Cardinal Ritter,0,Notre Dame (St. Louis),2
2019-09-10,Holden,0,Oak Grove,2
2019-09-10,Charleston,0,Oak Ridge,2
2019-09-10,Cole Camp,1,Osage,2
2019-09-10,Branson,2,Parkview,0
2019-09-10,Oakville,2,Parkway West,0
2019-09-10,Parkway North,1,Pattonville,2
2019-09-10,Trenton,0,Plattsburg,2
2019-09-10,Golden City,0,Pleasant Hope,2
2019-09-10,Jackson,2,Poplar Bluff,0
2019-09-10,Arcadia Valley,2,Potosi,0
2019-09-10,Billings,2,Purdy,0
2019-09-10,Woodland,2,Puxico,0
2019-09-10,Winnetonka,2,Raytown South,0
2019-09-10,Clever,2,Reeds Spring,0
2019-09-10,Hillcrest,0,Rock Bridge,2
2019-09-10,St. James,0,Rolla,2
2019-09-10,Belton,2,Ruskin,0
2019-09-10,Willard,2,Sarcoxie,0
2019-09-10,Holcomb,2,Senath-Hornersville,0
2019-09-10,West County,2,South Iron,1
2019-09-10,Ash Grove,0,Springfield Catholic,2
2019-09-10,South Harrison,0,St. Joseph Christian,2
2019-09-10,Greenville,0,St. Paul Lutheran (Farmington),2
2019-09-10,Center,0,St. Pius X (Kansas City),2
2019-09-10,Notre Dame de Sion,0,St. Teresa's Academy,2
2019-09-10,Saxony Lutheran,2,St. Vincent,0
2019-09-10,Park Hill South,2,Staley,1
2019-09-10,Bolivar,0,Stockton,2
2019-09-10,Houston,1,Wright City,2
2019-09-10,St. Paul Lutheran (Concordia),2,Summit Christian Academy,0
2019-09-10,Exeter,0,Thomas Jefferson Independent Day,2
2019-09-10,Francis Howell North,0,Timberland,2
2019-09-10,Skyline,2,Tipton,0
2019-09-10,Winfield,0,Troy Buchanan,2
2019-09-10,Doniphan,1,St. Clair,0
2019-09-10,Southeast,0,University Academy Charter,2
2019-09-10,Northeast (Kansas City),0,Versailles,2
2019-09-10,Southwest (Washburn),1,Verona,2
2019-09-10,St. Clair,2,Warrenton,0
2019-09-10,Webb City,2,Waynesville,0
2019-09-10,Bunker,1,Winona,2
2019-09-10,Centralia,2,Wright City,1
2019-09-10,Bell City,1,Zalma,2
2019-09-11,Oak Ridge,0,Central (Cape Girardeau),2
2019-09-11,Lutheran St. Charles,2,Duchesne,1
2019-09-11,Lincoln College Prep,2,East (Kansas City),0
2019-09-11,Fulton,2,Father Tolton,1
2019-09-11,Mehlville,2,Fox,1
2019-09-11,St. Dominic,2,Ft. Zumwalt West,0
2019-09-11,Soldan International Studies,0,Gateway,2
2019-09-11,Hancock,2,Gateway Science Charter,0
2019-09-11,Pattonville,2,Hazelwood Central,0
2019-09-11,Ritenour,2,Hazelwood West,1
2019-09-11,West Plains,2,KIPP St. Louis Sr.,1
2019-09-11,Santa Fe,2,Lafayette County,0
2019-09-11,Jennings,1,Lift for Life Academy Charter,0
2019-09-11,West Platte,0,Lutheran (Kansas City),2
2019-09-11,McCluer,0,Lutheran North,2
2019-09-11,Leopold,2,Marquand-Zion,0
2019-09-11,Clayton,2,McCluer North,0
2019-09-11,Roosevelt,2,McKinley Classical Leadership,1
2019-09-11,Transportation and Law,0,Metro,2
2019-09-11,Carnahan,2,Miller Career Academy,1
2019-09-11,St. Vincent,0,North County,2
2019-09-11,Pleasant Hill,2,Notre Dame de Sion,0
2019-09-11,Wright City,0,Orchard Farm,2
2019-09-11,Washington,2,Pacific,0
2019-09-11,Kirkwood,1,Parkway West,0
2019-09-11,Farmington,0,Perryville,2
2019-09-11,Lindbergh,1,Rockwood Summit,2
2019-09-11,Notre Dame (Cape Girardeau),2,Seneca,0
2019-09-11,Lafayette (Wildwood),3,St. Joseph's Academy,0
2019-09-11,Collegiate School of Med-Bio Science,2,West Plains,0
2019-09-11,North Platte,2,University Academy Charter,0
2019-09-11,Visitation Academy,1,Veritas Christian Academy,2
2019-09-11,Eureka,2,Villa Duchesne,0
2019-09-11,Ursuline Academy,0,Westminster Christian Academy,2
2019-09-11,Maplewood-Richmond Hts.,1,Whitfield,2
2019-09-11,Ste. Genevieve,0,Windsor (Imperial),2
2019-09-12,Sherwood,0,Adrian,2
2019-09-12,Advance,2,Arcadia Valley,1
2019-09-12,Bernie,2,Bell City,0
2019-09-12,North Kansas City,2,Belton,0
2019-09-12,Cameron,0,Benton,0
2019-09-12,Miller,2,Billings,0
2019-09-12,Duchesne,2,Bishop DuBourg,0
2019-09-12,Maryville,2,Bishop LeBlond,1
2019-09-12,Potosi,2,Bismarck,0
2019-09-12,Raymore-Peculiar,0,Blue Springs,2
2019-09-12,Nevada,2,Bolivar,1
2019-09-12,Blair Oaks,2,Boonville,0
2019-09-12,St. James,2,Bourbon,0
2019-09-12,Central (Springfield),0,Branson,2
2019-09-12,Kirksville,2,Brookfield,0
2019-09-12,Warsaw,0,Butler,2
2019-09-12,Winona,0,Cabool,2
2019-09-12,West Plains,0,Camdenton,2
2019-09-12,Caruthersville,0,Campbell,2
2019-09-12,Lift for Life Academy Charter,2,Cardinal Ritter,1
2019-09-12,Aurora,0,Carl Junction,2
2019-09-12,Hollister,2,Cassville,0
2019-09-12,Northeast (Kansas City),2,Central (Kansas City),0
2019-09-12,Sarcoxie,0,Chamois,2
2019-09-12,Portageville,2,Charleston,0
2019-09-12,Otterville,2,Chilhowee,0
2019-09-12,St. Pius X (Kansas City),2,Chillicothe,0
2019-09-12,North Pemiscot,0,Clarkton,2
2019-09-12,Bayless,0,Clayton,2
2019-09-12,Confluence Prep Academy Charter,0,Collegiate School of Med-Bio Science,2
2019-09-12,Winona,2,Conway,0
2019-09-12,St. Joseph's Academy,0,Cor Jesu Academy,1
2019-09-12,Seneca,2,Diamond,0
2019-09-12,Belle,2,Dixon,0
2019-09-12,Thayer,0,Doniphan,2
2019-09-12,Lockwood,0,El Dorado Springs,2
2019-09-12,California,2,Eldon,0
2019-09-12,Liberty (Mountain View),2,Eminence,1
2019-09-12,Marquette,0,Eureka,2
2019-09-12,University Academy Charter,2,Ewing Marion Kauffman,1
2019-09-12,Lawson,0,Excelsior Springs,2
2019-09-12,Francis Howell Central,1,Francis Howell,2
2019-09-12,Ft. Zumwalt West,1,Francis Howell North,2
2019-09-12,Cristo Rey,2,Frontier School of Excellence Charter,0
2019-09-12,Ft. Zumwalt South,0,Ft. Zumwalt North,2
2019-09-12,Eugene,2,Fulton,0
2019-09-12,Parkview,2,Glendale,1
2019-09-12,Bronaugh,0,Golden City,2
2019-09-12,Grandview,0,Grain Valley,2
2019-09-12,Crystal City,2,Grandview (Hillsboro),0
2019-09-12,Crest Ridge,2,Green Ridge,0
2019-09-12,Stockton,2,Greenfield,0
2019-09-12,North Callaway,0,Hallsville,2
2019-09-12,Bowling Green,0,Hannibal,2
2019-09-12,Incarnate Word Academy,2,Hazelwood Central,0
2019-09-12,Central (Park Hills),1,Herculaneum,0
2019-09-12,Fatima,2,Hermann,1
2019-09-12,Helias Catholic,3,Hickman,0
2019-09-12,Waynesville,2,Hillcrest,0
2019-09-12,Gideon,2,Holcomb,1
2019-09-12,Harrisonville,2,Holden,0
2019-09-12,Blue Eye,2,Hurley,0
2019-09-12,Hillsboro,0,Jackson,2
2019-09-12,Thomas Jefferson Independent Day,2,Jasper,0
2019-09-12,Valle Catholic,0,Jefferson (Festus),2
2019-09-12,Ozark,1,Jefferson City,2
2019-09-12,McCluer,2,Jennings,1
2019-09-12,Westminster Christian Academy,0,John Burroughs,2
2019-09-12,Calvary Lutheran,2,La Monte,0
2019-09-12,Lee's Summit North,0,Lee's Summit West,2
2019-09-12,St. Paul Lutheran (Concordia),2,Lexington,0
2019-09-12,Lee's Summit,0,Liberty,2
2019-09-12,Ft. Zumwalt East,0,Liberty (Wentzville),2
2019-09-12,Staley,0,Liberty North,2
2019-09-12,Archie,0,Lincoln,2
2019-09-12,Versailles,1,Lincoln College Prep,2
2019-09-12,Drexel,0,Lone Jack,2
2019-09-12,Kennett,2,Malden,0
2019-09-12,Mexico,0,Marshall,2
2019-09-12,Seneca,0,Meadow Heights,2
2019-09-12,Lutheran North,0,MICDS,2
2019-09-12,South Harrison,0,Mid-Buchanan,2
2019-09-12,Kingsville,0,Midway,2
2019-09-12,Reeds Spring,2,Monett,0
2019-09-12,New Haven,1,Montgomery County,2
2019-09-12,Mt. Vernon,2,Neosho,0
2019-09-12,Everton,2,Niangua,1
2019-09-12,Lebanon,0,Nixa,2
2019-09-12,Rock Port,2,North Nodaway,0
2019-09-12,St. Joseph Christian,0,North Platte,2
2019-09-12,Lathrop,0,Northland Christian,2
2019-09-12,Affton,2,Notre Dame (St. Louis),1
2019-09-12,Winnetonka,2,Oak Grove,0
2019-09-12,William Chrisman,2,Oak Park,1
2019-09-12,Ladue Horton Watkins,0,Oakville,2
2019-09-12,Warrenton,0,Orchard Farm,2
2019-09-12,Richmond,0,Orrick,2
2019-09-12,St. Teresa's Academy,2,Park Hill South,1
2019-09-12,Mehlville,0,Parkway Central,2
2019-09-12,Rockwood Summit,2,Parkway North,0
2019-09-12,Northwest (Cedar Hill),2,Parkway South,0
2019-09-12,Ava,2,Plato,0
2019-09-12,Raytown South,0,Platte County,2
2019-09-12,Bloomfield,1,Poplar Bluff,2
2019-09-12,Lutheran South,2,Principia,0
2019-09-12,Verona,2,Purdy,1
2019-09-12,Fort Osage,2,Raytown,0
2019-09-12,Mountain Grove,0,Republic,2
2019-09-12,McAuley Catholic,2,Rich Hill,0
2019-09-12,Puxico,1,Richland (Essex),2
2019-09-12,Delta (Deering),0,Risco,2
2019-09-12,University City,1,Riverview Gardens,2
2019-09-12,Pleasant Hill,0,Rock Bridge,2
2019-09-12,Kickapoo,2,Rolla,0
2019-09-12,Veritas Christian Academy,2,Springfield Catholic,0
2019-09-12,New Heights Christian,2,Sarcoxie,0
2019-09-12,Lafayette (St. Joseph),0,Savannah,2
2019-09-12,Sikeston,0,Saxony Lutheran,2
2019-09-12,Ash Grove,2,School of the Ozarks,0
2019-09-12,Summersville,0,Senath-Hornersville,2
2019-09-12,Ballard,0,Sheldon,2
2019-09-12,Buffalo,0,Skyline,2
2019-09-12,Knob Noster,0,Smithton,2
2019-09-12,Kearney,2,Sparta,0
2019-09-12,Kingston,0,South Iron,2
2019-09-12,Hogan Prep Academy Charter,2,Southeast,0
2019-09-12,Pierce City,2,Southwest (Washburn),0
2019-09-12,Spokane,2,Union,0
2019-09-12,Ritenour,2,St. Charles West,1
2019-09-12,Linn,0,St. Clair,2
2019-09-12,St. Joseph's Academy,2,St. Dominic,0
2019-09-12,Barstow,0,St. Michael the Archangel,2
2019-09-12,West County,2,St. Paul Lutheran (Farmington),1
2019-09-12,Hazelwood East,2,STEAM Academy,1
2019-09-12,Capital City,0,Webb City,2
2019-09-12,Willow Springs,2,Wright City,0
2019-09-12,Washington,0,Timberland,2
2019-09-12,Carrollton,0,Trenton,2
2019-09-12,Holt,0,Troy Buchanan,2
2019-09-12,Central (St. Joseph),2,St. Charles,1
2019-09-12,North County,2,Union,0
2019-09-12,Osage,2,Versailles,0
2019-09-12,Cuba,1,Viburnum,2
2019-09-12,Clinton,1,Warrensburg,2
2019-09-12,McDonald County,0,Webb City,2
2019-09-12,Odessa,2,Wellington-Napoleon,0
2019-09-12,Crane,0,Wheaton,2
2019-09-12,Logan-Rogersville,1,Willard,2
2019-09-12,St. Charles,0,Winfield,2
2019-09-12,Clearwater,0,Woodland,2
2019-09-12,Greenville,1,Zalma,2
2019-09-13,Saxony Lutheran,0,Arcadia Valley,2
2019-09-13,Wright City,0,Arcadia Valley,2
2019-09-13,Lesterville,2,Bloomfield,0
2019-09-13,St. Vincent,1,Bloomfield,1
2019-09-13,Koshkonong,0,Bradleyville,2
2019-09-13,Oran,1,Bunker,1
2019-09-13,Zalma,0,Campbell,2
2019-09-13,Cooter,0,Campbell,2
2019-09-13,Capital City,0,Caruthersville,2
2019-09-13,Senath-Hornersville,1,Caruthersville,1
2019-09-13,Capital City,0,Central (Cape Girardeau),2
2019-09-13,Richland (Essex),0,Central (New Madrid County),2
2019-09-13,Meadow Heights,2,Central (New Madrid County),0
2019-09-13,Eminence,0,Central (Park Hills),2
2019-09-13,Gideon,2,Clearwater,0
2019-09-13,Calvary Lutheran,2,Cooter,0
2019-09-13,Doniphan,0,DeSoto,2
2019-09-13,East Prairie,0,DeSoto,2
2019-09-13,Seckman,1,Dexter,1
2019-09-13,Eminence,0,Dexter,2
2019-09-13,Clarkton,1,Doniphan,1
2019-09-13,East Prairie,0,Doniphan,2
2019-09-13,Clarkton,2,East Prairie,0
2019-09-13,Notre Dame (St. Louis),1,Farmington,1
2019-09-13,Kennett,1,Farmington,1
2019-09-13,MICDS,0,Ft. Zumwalt North,2
2019-09-13,Portageville,0,Grandview (Hillsboro),2
2019-09-13,Bunker,1,Grandview (Hillsboro),1
2019-09-13,Viburnum,1,Green Ridge,1
2019-09-13,Puxico,0,Green Ridge,2
2019-09-13,Southland,0,Greenville,2
2019-09-13,Clearwater,2,Hazelwood West,0
2019-09-13,St. Clair,0,Hazelwood West,2
2019-09-13,New Haven,0,Hillsboro,2
2019-09-13,Notre Dame (Cape Girardeau),2,Hillsboro,0
2019-09-13,South Iron,2,Holcomb,0
2019-09-13,Risco,0,Holcomb,2
2019-09-13,Notre Dame (St. Louis),2,Leopold,0
2019-09-13,Kennett,1,Leopold,1
2019-09-13,Puxico,1,Malden,1
2019-09-13,Viburnum,0,Malden,2
2019-09-13,Ellington,2,Meadow Heights,0
2019-09-13,Woodland,2,New Haven,0
2019-09-13,Notre Dame (Cape Girardeau),2,New Haven,0
2019-09-13,Saxony Lutheran,0,Northwest (Cedar Hill),2
2019-09-13,Wright City,0,Northwest (Cedar Hill),2
2019-09-13,Risco,2,Oak Ridge,0
2019-09-13,South Iron,2,Oak Ridge,0
2019-09-13,Marquette,0,Oakville,2
2019-09-13,Portageville,2,Oran,0
2019-09-13,Lesterville,0,Parkway South,2
2019-09-13,St. Vincent,0,Parkway South,2
2019-09-13,Notre Dame (Cape Girardeau),1,Parkway South,1
2019-09-13,Winona,0,Perryville,2
2019-09-13,Ste. Genevieve,1,Perryville,1
2019-09-13,Ellington,2,Richland (Essex),0
2019-09-13,Winona,2,Seneca,0
2019-09-13,Ste. Genevieve,2,Seneca,0
2019-09-13,Central (Park Hills),2,Seckman,0
2019-09-13,Central (Cape Girardeau),2,Senath-Hornersville,0
2019-09-13,Oak Ridge,2,Senath-Hornersville,0
2019-09-13,St. Clair,2,Senath-Hornersville,0
2019-09-13,Jefferson (Festus),2,Sikeston,0
2019-09-13,Greenville,0,Sikeston,2
2019-09-13,Jefferson (Festus),2,Southland,0
2019-09-13,Lutheran South,0,St. Pius X (Festus),2
2019-09-13,Gideon,2,St. Clair,0
2019-09-13,Parkway Central,2,Webster Groves,0
2019-09-13,Bishop DuBourg,0,Whitfield,2
2019-09-13,Notre Dame (Cape Girardeau),1,Woodland,1
2019-09-13,Calvary Lutheran,2,Zalma,0
2019-09-14,Midway,0,Adrian,2
2019-09-14,Lakeland,0,Adrian,2
2019-09-14,Liberal,0,Adrian,2
2019-09-14,Osceola,0,Adrian,2
2019-09-14,Rich Hill,0,Adrian,2
2019-09-14,Jasper,0,Adrian,2
2019-09-14,Perryville,0,Arcadia Valley,2
2019-09-14,Kennett,0,Arcadia Valley,2
2019-09-14,Drexel,1,Archie,1
2019-09-14,Jasper,1,Archie,1
2019-09-14,Midway,1,Archie,1
2019-09-14,Liberal,1,Archie,2
2019-09-14,Union,0,Ava,2
2019-09-14,Fordland,0,Ava,2
2019-09-14,Forsyth,0,Ava,2
2019-09-14,Blue Eye,2,Ava,0
2019-09-14,Lutheran North,2,Bishop DuBourg,0
2019-09-14,Whitfield,2,Bishop DuBourg,0
2019-09-14,St. Pius X (Festus),2,Bismarck,0
2019-09-14,Windsor (Imperial),2,Bismarck,0
2019-09-14,Sparta,0,Blair Oaks,2
2019-09-14,Willow Springs,0,Blair Oaks,2
2019-09-14,Linn,0,Blair Oaks,2
2019-09-14,Battle,0,Blair Oaks,2
2019-09-14,New Haven,1,Bloomfield,2
2019-09-14,Wright City,2,Bloomfield,0
2019-09-14,Skyline,2,Blue Eye,0
2019-09-14,Conway,0,Blue Eye,2
2019-09-14,Carthage,2,Boonville,0
2019-09-14,Westminster Christian Academy,2,Boonville,0
2019-09-14,Fatima,1,Boonville,1
2019-09-14,Linn,1,Boonville,2
2019-09-14,John Burroughs,2,Boonville,0
2019-09-14,Owensville,2,Bowling Green,0
2019-09-14,Fulton,2,Bowling Green,0
2019-09-14,Eldon,2,Bowling Green,0
2019-09-14,Lutheran North,2,Brentwood,0
2019-09-14,Ritenour,2,Brentwood,0
2019-09-14,Bishop DuBourg,1,Brentwood,1
2019-09-14,Whitfield,2,Brentwood,0
2019-09-14,Portageville,1,Bunker,1
2019-09-14,Capital City,0,Bunker,2
2019-09-14,Oran,1,Bunker,2
2019-09-14,Greenville,1,Bunker,2
2019-09-14,Viburnum,2,Bunker,1
2019-09-14,Cassville,0,Camdenton,2
2019-09-14,Webb City,2,Camdenton,0
2019-09-14,Hillcrest,0,Camdenton,2
2019-09-14,Joplin,0,Camdenton,2
2019-09-14,Willard,2,Camdenton,0
2019-09-14,Richmond,0,Cameron,2
2019-09-14,Northwest (Hughesville),0,Cameron,2
2019-09-14,Jefferson (Festus),2,Campbell,0
2019-09-14,Clarkton,1,Campbell,1
2019-09-14,Calvary Lutheran,1,Campbell,1
2019-09-14,Westminster Christian Academy,1,Carthage,1
2019-09-14,Fatima,0,Carthage,2
2019-09-14,Sparta,0,Carthage,2
2019-09-14,Hickman,0,Carthage,2
2019-09-14,Blair Oaks,1,Carthage,2
2019-09-14,Central (Cape Girardeau),2,Caruthersville,0
2019-09-14,Ellington,2,Caruthersville,0
2019-09-14,Senath-Hornersville,1,Caruthersville,1
2019-09-14,Grandview,1,Caruthersville,1
2019-09-14,Hillcrest,2,Cassville,0
2019-09-14,Webb City,2,Cassville,0
2019-09-14,Waynesville,2,Cassville,0
2019-09-14,Cristo Rey,2,Center,0
2019-09-14,Versailles,2,Center,0
2019-09-14,Hogan Prep Academy Charter,2,Center,0
2019-09-14,Grandview,1,Center,1
2019-09-14,Clearwater,0,Central (Cape Girardeau),2
2019-09-14,Green Ridge,0,Central (Cape Girardeau),2
2019-09-14,Gideon,2,Central (Cape Girardeau),1
2019-09-14,Ruskin,2,Central (Kansas City),0
2019-09-14,University Academy Charter,2,Central (Kansas City),0
2019-09-14,Raytown South,2,Central (Kansas City),0
2019-09-14,Ellington,2,Central (New Madrid County),0
2019-09-14,Southland,1,Central (New Madrid County),1
2019-09-14,Capital City,0,Central (New Madrid County),2
2019-09-14,Oak Ridge,2,Central (New Madrid County),0
2019-09-14,Ste. Genevieve,1,Central (Park Hills),1
2019-09-14,Leopold,0,Central (Park Hills),2
2019-09-14,Notre Dame (St. Louis),0,Central (Park Hills),2
2019-09-14,Notre Dame (Cape Girardeau),1,Central (Park Hills),2
2019-09-14,Holcomb,0,Clarkton,2
2019-09-14,Clearwater,0,Clarkton,2
2019-09-14,Ellington,2,Clarkton,1
2019-09-14,Sacred Heart,1,Clever,1
2019-09-14,Skyline,2,Conway,0
2019-09-14,Zalma,2,Cooter,0
2019-09-14,Risco,2,Cooter,0
2019-09-14,Portageville,0,DeSoto,2
2019-09-14,Meadow Heights,0,DeSoto,2
2019-09-14,Clarkton,1,DeSoto,1
2019-09-14,South Iron,2,DeSoto,1
2019-09-14,East Prairie,0,DeSoto,2
2019-09-14,Central (Park Hills),1,Dexter,1
2019-09-14,Perryville,2,Dexter,0
2019-09-14,Lesterville,0,Dexter,2
2019-09-14,Notre Dame (Cape Girardeau),2,Dexter,0
2019-09-14,Risco,1,Doniphan,2
2019-09-14,East Prairie,0,Doniphan,2
2019-09-14,Oran,1,Doniphan,1
2019-09-14,Oak Ridge,0,Doniphan,2
2019-09-14,Viburnum,2,Doniphan,0
2019-09-14,Richland (Essex),0,Doniphan,2
2019-09-14,Midway,2,Drexel,0
2019-09-14,Jasper,1,Drexel,1
2019-09-14,Zalma,2,East Prairie,0
2019-09-14,Clarkton,2,East Prairie,0
2019-09-14,California,2,Eldon,0
2019-09-14,Winona,1,Eminence,1
2019-09-14,Wright City,2,Eminence,1
2019-09-14,Wright City,0,Farmington,2
2019-09-14,Northwest (Cedar Hill),2,Farmington,0
2019-09-14,Leopold,1,Farmington,1
2019-09-14,Westminster Christian Academy,1,Fatima,1
2019-09-14,Bismarck,0,Festus,2
2019-09-14,Pattonville,0,Festus,2
2019-09-14,Windsor (Imperial),0,Festus,2
2019-09-14,Fredericktown,1,Festus,2
2019-09-14,St. Pius X (Festus),2,Festus,0
2019-09-14,Union,2,Fordland,0
2019-09-14,Skyline,2,Forsyth,0
2019-09-14,Fordland,0,Forsyth,2
2019-09-14,Union,0,Forsyth,2
2019-09-14,Blue Eye,2,Forsyth,0
2019-09-14,Conway,2,Forsyth,0
2019-09-14,St. Pius X (Festus),2,Fredericktown,0
2019-09-14,Webb City,1,Fredericktown,1
2019-09-14,North County,2,Fredericktown,0
2019-09-14,St. Charles West,0,Ft. Zumwalt West,2
2019-09-14,Holt,2,Ft. Zumwalt West,1
2019-09-14,Duchesne,1,Ft. Zumwalt West,2
2019-09-14,Timberland,2,Ft. Zumwalt West,0
2019-09-14,Winfield,0,Ft. Zumwalt West,2
2019-09-14,Southern Boone,2,Fulton,0
2019-09-14,Owensville,1,Fulton,1
2019-09-14,Eldon,2,Fulton,0
2019-09-14,Savannah,2,Fulton,0
2019-09-14,Jefferson (Festus),1,Gideon,2
2019-09-14,Ellington,2,Gideon,0
2019-09-14,Calvary Lutheran,1,Gideon,1
2019-09-14,Oran,1,Grandview,1
2019-09-14,Portageville,1,Grandview (Hillsboro),2
2019-09-14,Jefferson (Festus),2,Grandview (Hillsboro),0
2019-09-14,Oran,1,Grandview (Hillsboro),1
2019-09-14,Caruthersville,1,Grandview (Hillsboro),1
2019-09-14,South Iron,1,Green Ridge,1
2019-09-14,Puxico,0,Green Ridge,2
2019-09-14,Jefferson (Festus),2,Greenville,0
2019-09-14,Richland (Essex),0,Greenville,2
2019-09-14,Gideon,1,Hazelwood West,1
2019-09-14,Southland,0,Hazelwood West,2
2019-09-14,Viburnum,2,Hazelwood West,0
2019-09-14,Cooter,0,Hazelwood West,2
2019-09-14,St. Clair,1,Hazelwood West,2
2019-09-14,Mexico,0,Hickman,2
2019-09-14,John Burroughs,0,Hickman,2
2019-09-14,Marshfield,2,Hickman,0
2019-09-14,Westminster Christian Academy,0,Hickman,2
2019-09-14,Webb City,2,Hillcrest,0
2019-09-14,Lebanon,2,Hillcrest,0
2019-09-14,Waynesville,2,Hillcrest,1
2019-09-14,Woodland,2,Hillsboro,0
2019-09-14,Arcadia Valley,2,Hillsboro,0
2019-09-14,Bloomfield,0,Hillsboro,2
2019-09-14,Cristo Rey,1,Hogan Prep Academy Charter,1
2019-09-14,Versailles,2,Hogan Prep Academy Charter,0
2019-09-14,Oak Ridge,1,Holcomb,1
2019-09-14,Winfield,0,Holt,2
2019-09-14,Timberland,2,Holt,0
2019-09-14,Duchesne,1,Holt,2
2019-09-14,Midway,1,Jasper,1
2019-09-14,Osceola,2,Jasper,0
2019-09-14,Webb City,0,Jefferson City,2
2019-09-14,Platte County,0,Jefferson City,2
2019-09-14,Lebanon,1,Jefferson City,1
2019-09-14,Willard,2,Jefferson City,0
2019-09-14,Clever,0,Jefferson City,2
2019-09-14,Sacred Heart,0,Joplin,2
2019-09-14,Clever,1,Joplin,1
2019-09-14,Waynesville,0,Joplin,2
2019-09-14,California,0,Kirksville,2
2019-09-14,Owensville,2,Kirksville,0
2019-09-14,Savannah,1,Kirksville,1
2019-09-14,Cameron,2,Lafayette County,0
2019-09-14,Warsaw,0,Lafayette County,2
2019-09-14,Warrensburg,2,Lafayette County,0
2019-09-14,Osceola,2,Lakeland,0
2019-09-14,Rich Hill,2,Lakeland,0
2019-09-14,Liberal,2,Lakeland,0
2019-09-14,Sacred Heart,0,Lebanon,2
2019-09-14,Saxony Lutheran,0,Leopold,2
2019-09-14,St. Vincent,1,Lesterville,1
2019-09-14,Woodland,1,Lesterville,1
2019-09-14,Osceola,2,Liberal,0
2019-09-14,Rich Hill,0,Liberal,2
2019-09-14,Sparta,1,Linn,1
2019-09-14,Battle,2,Linn,0
2019-09-14,Whitfield,2,Lutheran North,0
2019-09-14,Holcomb,1,Malden,1
2019-09-14,Green Ridge,1,Malden,1
2019-09-14,Campbell,2,Malden,1
2019-09-14,Hannibal,2,Marshall,0
2019-09-14,John Burroughs,0,Marshfield,2
2019-09-14,Mexico,0,Marshfield,2
2019-09-14,Fatima,0,Marshfield,2
2019-09-14,Blair Oaks,0,Marshfield,2
2019-09-14,Richland (Essex),0,Meadow Heights,2
2019-09-14,Jefferson (Festus),2,Meadow Heights,0
2019-09-14,John Burroughs,2,Mexico,0
2019-09-14,Osceola,0,Midway,2
2019-09-14,Notre Dame (Cape Girardeau),2,New Haven,0
2019-09-14,St. Vincent,1,New Haven,1
2019-09-14,Webb City,0,North County,2
2019-09-14,St. Pius X (Festus),2,North County,0
2019-09-14,Windsor (Imperial),2,North County,1
2019-09-14,Central (Park Hills),1,Northwest (Cedar Hill),2
2019-09-14,Parkway South,0,Northwest (Cedar Hill),2
2019-09-14,Arcadia Valley,0,Northwest (Cedar Hill),2
2019-09-14,Notre Dame (St. Louis),0,Northwest (Cedar Hill),2
2019-09-14,Warsaw,2,Northwest (Hughesville),0
2019-09-14,Richmond,0,Northwest (Hughesville),2
2019-09-14,Kennett,2,Notre Dame (St. Louis),0
2019-09-14,Viburnum,1,Oak Ridge,1
2019-09-14,Rich Hill,1,Osceola,1
2019-09-14,Eldon,2,Owensville,0
2019-09-14,Visitation Academy,0,Ozark,2
2019-09-14,Notre Dame (St. Louis),0,Park Hill,2
2019-09-14,Bloomfield,0,Parkway South,2
2019-09-14,Notre Dame (Cape Girardeau),1,Parkway South,1
2019-09-14,Woodland,1,Parkway South,2
2019-09-14,Windsor (Imperial),1,Pattonville,1
2019-09-14,Bismarck,0,Pattonville,2
2019-09-14,Webb City,0,Pattonville,2
2019-09-14,St. Pius X (Festus),2,Pattonville,1
2019-09-14,Ste. Genevieve,1,Perryville,2
2019-09-14,Seneca,0,Perryville,2
2019-09-14,Willard,2,Platte County,0
2019-09-14,Lebanon,0,Platte County,2
2019-09-14,Waynesville,0,Platte County,2
2019-09-14,Liberty (Mountain View),0,Poplar Bluff,2
2019-09-14,West Plains,0,Poplar Bluff,2
2019-09-14,Rolla,2,Poplar Bluff,1
2019-09-14,Risco,2,Puxico,0
2019-09-14,Viburnum,2,Puxico,0
2019-09-14,Ruskin,0,Raytown South,2
2019-09-14,Cristo Rey,0,Raytown South,2
2019-09-14,Versailles,2,Raytown South,1
2019-09-14,University Academy Charter,1,Raytown South,1
2019-09-14,South Iron,2,Risco,0
2019-09-14,Lutheran North,0,Ritenour,2
2019-09-14,Bishop DuBourg,0,Ritenour,2
2019-09-14,Whitfield,1,Ritenour,1
2019-09-14,Blair Oaks,2,Rolla,0
2019-09-14,Willow Springs,0,Rolla,2
2019-09-14,University Academy Charter,1,Ruskin,1
2019-09-14,California,1,Savannah,1
2019-09-14,St. Vincent,1,Seneca,2
2019-09-14,Winona,2,Seneca,1
2019-09-14,Eminence,0,Seckman,2
2019-09-14,Notre Dame (Cape Girardeau),2,Seckman,0
2019-09-14,Seneca,0,Seckman,2
2019-09-14,Capital City,1,Senath-Hornersville,1
2019-09-14,Oak Ridge,2,Senath-Hornersville,0
2019-09-14,St. Clair,2,Senath-Hornersville,0
2019-09-14,Ellington,2,Sikeston,0
2019-09-14,Gideon,2,Sikeston,0
2019-09-14,Southland,0,Sikeston,2
2019-09-14,Cameron,1,Savannah,1
2019-09-14,Warrensburg,1,Savannah,2
2019-09-14,Richmond,0,Savannah,2
2019-09-14,Northwest (Hughesville),0,Savannah,2
2019-09-14,Battle,0,Sparta,2
2019-09-14,Ellington,2,South Iron,1
2019-09-14,Calvary Lutheran,1,South Iron,2
2019-09-14,Bowling Green,0,Southern Boone,2
2019-09-14,California,1,Southern Boone,1
2019-09-14,Owensville,0,Southern Boone,2
2019-09-14,Savannah,1,Southern Boone,1
2019-09-14,Kirksville,0,Southern Boone,2
2019-09-14,Duchesne,0,St. Charles West,2
2019-09-14,Holt,2,St. Charles West,0
2019-09-14,Winona,1,Ste. Genevieve,1
2019-09-14,St. Pius X (Festus),2,Webb City,0
2019-09-14,Bismarck,0,Webb City,2
2019-09-14,Saxony Lutheran,1,Wright City,1
2019-09-14,Winona,2,Wright City,0
2019-09-14,Winfield,0,Timberland,2
2019-09-14,Troy Buchanan,0,Timberland,2
2019-09-14,Ft. Zumwalt East,0,Timberland,2
2019-09-14,Winfield,2,Troy Buchanan,0
2019-09-14,Ft. Zumwalt East,1,Troy Buchanan,2
2019-09-14,Clearwater,1,St. Clair,1
2019-09-14,Puxico,0,St. Clair,2
2019-09-14,Cristo Rey,1,Versailles,1
2019-09-14,University Academy Charter,0,Versailles,2
2019-09-14,Zalma,0,Viburnum,2
2019-09-14,Warsaw,0,Warrensburg,2
2019-09-14,Sacred Heart,0,Waynesville,2
2019-09-14,Clever,1,Waynesville,1
2019-09-14,Liberty (Mountain View),2,West Plains,0
2019-09-14,Lebanon,0,Willard,2
2019-09-14,Ft. Zumwalt East,0,Winfield,2
2019-09-14,Saxony Lutheran,1,Winona,2
2019-09-16,Bell City,0,Advance,2
2019-09-16,Lincoln,2,Ballard,0
2019-09-16,Herculaneum,2,Bayless,0
2019-09-16,Grandview (Hillsboro),2,Bismarck,0
2019-09-16,Battle,0,Blair Oaks,2
2019-09-16,Parkview,2,Bolivar,0
2019-09-16,Carrollton,2,Brookfield,0
2019-09-16,Cassville,0,Carthage,2
2019-09-16,Southland,0,Caruthersville,2
2019-09-16,Ewing Marion Kauffman,2,Central (Kansas City),0
2019-09-16,California,2,Cole Camp,1
2019-09-16,La Monte,0,Crest Ridge,2
2019-09-16,Kingsville,0,Crest Ridge,2
2019-09-16,Brentwood,0,Crossroads College Preparatory,2
2019-09-16,Koshkonong,0,Doniphan,2
2019-09-16,Central (New Madrid County),2,East Prairie,0
2019-09-16,Father Tolton,0,Eugene,2
2019-09-16,Chadwick,2,Everton,0
2019-09-16,Dexter,2,Farmington,0
2019-09-16,Southern Boone,0,Fatima,2
2019-09-16,Plato,0,Fordland,2
2019-09-16,Ellington,0,Fredericktown,2
2019-09-16,Pleasant Hope,2,Greenfield,1
2019-09-16,Sheldon,0,Greenfield,2
2019-09-16,Marquand-Zion,0,Greenville,2
2019-09-16,Charleston,2,Hayti,0
2019-09-16,McCluer,0,Hazelwood East,2
2019-09-16,Hazelwood Central,0,Hazelwood West,1
2019-09-16,Sacred Heart,2,Hickman,1
2019-09-16,Risco,0,Holcomb,2
2019-09-16,Mountain Grove,0,Hollister,2
2019-09-16,Lakeland,2,Hume,0
2019-09-16,Aurora,1,Joplin,2
2019-09-16,Potosi,2,Kingston,0
2019-09-16,La Monte,2,Kingsville,1
2019-09-16,Nerinx Hall,2,Kirkwood,1
2019-09-16,South Harrison,0,Lathrop,2
2019-09-16,Lee's Summit North,0,Liberty,2
2019-09-16,Oak Park,0,Liberty North,2
2019-09-16,Roosevelt,0,Lift for Life Academy Charter,2
2019-09-16,Francis Howell Central,2,Lutheran South,0
2019-09-16,Portageville,0,Malden,2
2019-09-16,Hancock,0,Maplewood-Richmond Hts.,2
2019-09-16,Winona,2,Marshfield,1
2019-09-16,Thomas Jefferson Independent Day,0,McDonald County,2
2019-09-16,Jennings,0,Metro,2
2019-09-16,Centralia,0,Mexico,2
2019-09-16,Clayton,2,MICDS,0
2019-09-16,Mt. Vernon,2,Monett,0
2019-09-16,Nevada,2,Neosho,0
2019-09-16,Marionville,0,New Heights Christian,2
2019-09-16,Crystal City,1,Oak Ridge,2
2019-09-16,Clinton,1,Odessa,2
2019-09-16,Camdenton,2,Osage,0
2019-09-16,Fox,1,Pattonville,2
2019-09-16,Spokane,0,Pierce City,2
2019-09-16,Sheldon,0,Pleasant Hope,2
2019-09-16,Belton,0,Raytown,2
2019-09-16,McCluer North,0,Ritenour,2
2019-09-16,STEAM Academy,2,Riverview Gardens,0
2019-09-16,Ursuline Academy,1,Springfield Catholic,2
2019-09-16,Linn,2,Sarcoxie,0
2019-09-16,West Plains,2,Salem,0
2019-09-16,Lamar,2,Sarcoxie,0
2019-09-16,Affton,0,Seckman,2
2019-09-16,Campbell,2,Sikeston,1
2019-09-16,Willard,0,Skyline,2
2019-09-16,Duchesne,1,St. Dominic,2
2019-09-16,Eureka,0,St. Joseph's Academy,2
2019-09-16,Bishop LeBlond,0,St. Michael the Archangel,2
2019-09-16,Rolla,2,Webb City,1
2019-09-16,Northland Christian,0,Summit Christian Academy,2
2019-09-16,Ft. Zumwalt West,0,Timberland,2
2019-09-16,Penney,2,Trenton,0
2019-09-16,Clarkton,2,St. Clair,0
2019-09-16,Normandy Collaborative,0,University City,2
2019-09-16,Potosi,2,Valley,1
2019-09-16,Kingston,0,Valley,2
2019-09-16,Sherwood,1,Versailles,2
2019-09-16,Warsaw,0,Viburnum,2
2019-09-16,Knob Noster,0,Warrensburg,2
2019-09-16,Fair Grove,2,Warsaw,0
2019-09-16,Owensville,0,Washington,2
2019-09-16,Lafayette County,0,West Platte,2
2019-09-16,Chilhowee,0,Windsor,2
2019-09-17,Harrisonville,1,Adrian,2
2019-09-17,Fredericktown,0,Arcadia Valley,2
2019-09-17,Butler,1,Archie,2
2019-09-17,Winona,2,Aurora,0
2019-09-17,Raytown South,0,Belton,2
2019-09-17,St. Michael the Archangel,2,Benton,0
2019-09-17,Hollister,0,Blue Eye,2
2019-09-17,St. Paul Lutheran (Farmington),2,Bourbon,0
2019-09-17,Reeds Spring,0,Branson,2
2019-09-17,Exeter,1,Bronaugh,2
2019-09-17,Stockton,2,Buffalo,0
2019-09-17,Bismarck,0,Bunker,2
2019-09-17,Republic,0,Camdenton,2
2019-09-17,St. Dominic,2,Cardinal Ritter,0
2019-09-17,Lebanon,0,Carl Junction,2
2019-09-17,Soldan International Studies,2,Carnahan,0
2019-09-17,Chillicothe,2,Carrollton,0
2019-09-17,Hayti,0,Caruthersville,2
2019-09-17,Versailles,2,Center,0
2019-09-17,Jackson,2,Central (Cape Girardeau),0
2019-09-17,Springfield Catholic,2,Central (Springfield),0
2019-09-17,Lee's Summit,2,Central (St. Joseph),0
2019-09-17,Southern Boone,2,Centralia,0
2019-09-17,Central (New Madrid County),2,Charleston,0
2019-09-17,Malden,0,Clarkton,2
2019-09-17,Billings,1,Clever,2
2019-09-17,Tipton,2,Cole Camp,0
2019-09-17,Gateway,2,Collegiate School of Med-Bio Science,1
2019-09-17,Missouri School for the Deaf,0,Columbia Independent,2
2019-09-17,Fordland,1,Conway,2
2019-09-17,North Pemiscot,1,Cooter,1
2019-09-17,Pierce City,2,Crane,1
2019-09-17,Pacific,2,Cuba,0
2019-09-17,Willow Springs,2,Doniphan,0
2019-09-17,Central (Kansas City),0,East (Kansas City),2
2019-09-17,St. James,0,East Buchanan,2
2019-09-17,Nevada,0,El Dorado Springs,2
2019-09-17,Blair Oaks,2,Eldon,0
2019-09-17,Summit Christian Academy,3,Ewing Marion Kauffman,0
2019-09-17,Miller,1,Fair Grove,2
2019-09-17,Eugene,0,Fatima,2
2019-09-17,North Kansas City,2,Fort Osage,0
2019-09-17,Festus,2,Fox,0
2019-09-17,Troy Buchanan,1,Francis Howell Central,2
2019-09-17,Timberland,2,Ft. Zumwalt East,0
2019-09-17,Liberty (Wentzville),2,Ft. Zumwalt South,0
2019-09-17,Francis Howell,2,Ft. Zumwalt West,0
2019-09-17,Delta (Deering),0,Gideon,2
2019-09-17,Winnetonka,2,Grandview,0
2019-09-17,Jefferson (Festus),2,Grandview (Hillsboro),0
2019-09-17,Willard,0,Green Ridge,2
2019-09-17,Versailles,0,Hallsville,2
2019-09-17,Brookfield,0,Hannibal,2
2019-09-17,Confluence Prep Academy Charter,0,Hazelwood Central,2
2019-09-17,Carthage,2,Helias Catholic,0
2019-09-17,DeSoto,0,Hillsboro,2
2019-09-17,Odessa,2,Holden,0
2019-09-17,Francis Howell North,0,Holt,2
2019-09-17,Plato,0,Houston,2
2019-09-17,Villa Duchesne,0,John Burroughs,2
2019-09-17,Grain Valley,2,Kearney,0
2019-09-17,Nixa,2,Kickapoo,0
2019-09-17,Fulton,0,Kirksville,2
2019-09-17,Parkway South,2,Kirkwood,0
2019-09-17,Smithton,2,La Monte,0
2019-09-17,Concordia,1,Lafayette County,2
2019-09-17,Miami (Amoret),0,Lakeland,2
2019-09-17,Greenfield,1,Lamar,2
2019-09-17,Lexington,1,Lawson,2
2019-09-17,Blue Springs,2,Lee's Summit North,0
2019-09-17,Park Hill,0,Lee's Summit West,2
2019-09-17,Oran,0,Leopold,2
2019-09-17,Meadow Heights,0,Lesterville,2
2019-09-17,Cabool,0,Licking,2
2019-09-17,Sacred Heart,2,Lincoln,1
2019-09-17,Westminster Christian Academy,0,Lindbergh,2
2019-09-17,Dixon,0,Linn,2
2019-09-17,Purdy,0,Lockwood,2
2019-09-17,St. Paul Lutheran (Concordia),0,Lutheran (Kansas City),2
2019-09-17,Bayless,0,Lutheran North,2
2019-09-17,Verona,1,Marionville,2
2019-09-17,Hillcrest,0,Marshfield,2
2019-09-17,Excelsior Springs,1,Maryville,2
2019-09-17,Exeter,0,McAuley Catholic,2
2019-09-17,Bronaugh,0,McAuley Catholic,2
2019-09-17,Trinity Catholic,2,McCluer,0
2019-09-17,Marquette,2,Mehlville,0
2019-09-17,Miller Career Academy,0,Metro,2
2019-09-17,St. Joseph Christian,2,Mid-Buchanan,1
2019-09-17,Santa Fe,2,Midway,0
2019-09-17,Union,0,Montgomery County,2
2019-09-17,Cassville,0,Mt. Vernon,2
2019-09-17,St. Joseph's Academy,2,New Haven,0
2019-09-17,Jasper,0,New Heights Christian,2
2019-09-17,Calvary Lutheran,2,North Callaway,0
2019-09-17,Lone Jack,2,North Platte,0
2019-09-17,Hazelwood East,0,North Technical,2
2019-09-17,Otterville,2,Northwest (Hughesville),1
2019-09-17,Ste. Genevieve,1,Notre Dame (Cape Girardeau),2
2019-09-17,St. Pius X (Kansas City),2,Notre Dame de Sion,1
2019-09-17,Eureka,0,Oakville,2
2019-09-17,Waynesville,0,Osage,2
2019-09-17,Logan-Rogersville,2,Ozark,0
2019-09-17,Liberty,2,Park Hill South,0
2019-09-17,Cameron,2,Penney,0
2019-09-17,Orrick,1,Plattsburg,2
2019-09-17,Hermann,2,Rock Bridge,0
2019-09-17,Jefferson City,2,Rolla,0
2019-09-17,West Plains,0,Roosevelt,0
2019-09-17,Ursuline Academy,1,Springfield Catholic,2
2019-09-17,Oak Park,2,Ruskin,0
2019-09-17,Potosi,2,Salem,0
2019-09-17,East Newton,0,Sarcoxie,2
2019-09-17,Woodland,2,Saxony Lutheran,0
2019-09-17,Everton,0,School of the Ozarks,2
2019-09-17,Kennett,2,Seneca,1
2019-09-17,Golden City,2,Sheldon,1
2019-09-17,Crest Ridge,2,Sherwood,1
2019-09-17,Osceola,0,Skyline,2
2019-09-17,Warrensburg,0,Savannah,2
2019-09-17,Platte County,2,Sparta,0
2019-09-17,Portageville,2,Summersville,0
2019-09-17,East Prairie,0,Southland,2
2019-09-17,Spokane,2,Southwest (Washburn),0
2019-09-17,Galena,2,Union,0
2019-09-17,Orchard Farm,1,St. Charles,2
2019-09-17,Winfield,2,St. Charles West,0
2019-09-17,Kingston,0,St. Clair,2
2019-09-17,Herculaneum,0,St. Pius X (Festus),2
2019-09-17,Crystal City,1,St. Vincent,2
2019-09-17,St. Charles,0,Staley,2
2019-09-17,Waynesville,2,Transportation and Law,0
2019-09-17,South Harrison,0,Trenton,2
2019-09-17,Holcomb,2,St. Clair,1
2019-09-17,Wright City,2,Valley Park,0
2019-09-17,Incarnate Word Academy,3,Visitation Academy,0
2019-09-17,Ft. Zumwalt North,1,Washington,2
2019-09-17,Seneca,0,Webb City,2
2019-09-17,Lafayette (Wildwood),2,Webster Groves,0
2019-09-17,Oak Grove,2,Wellington-Napoleon,0
2019-09-17,Poplar Bluff,2,West Plains,0
2019-09-17,Hurley,2,Wheaton,1
2019-09-17,Glendale,0,Willard,2
2019-09-17,Raytown,0,William Chrisman,2
2019-09-17,Perryville,2,Windsor (Imperial),0
2019-09-17,Eminence,0,Winona,2
2019-09-17,Oak Ridge,2,Zalma,0
2019-09-18,Clayton,0,Affton,2
2019-09-18,Crossroads College Preparatory,2,Bayless,0
2019-09-18,Hancock,2,Bishop DuBourg,0
2019-09-18,North Technical,0,Collegiate School of Med-Bio Science,2
2019-09-18,Ste. Genevieve,0,DeSoto,2
2019-09-18,St. Pius X (Festus),2,Farmington,0
2019-09-18,Hazelwood West,0,Fox,2
2019-09-18,Eldon,2,Hallsville,1
2019-09-18,Battle,0,Helias Catholic,2
2019-09-18,North County,2,Herculaneum,0
2019-09-18,Central (St. Joseph),2,Lafayette (St. Joseph),0
2019-09-18,Cor Jesu Academy,2,Lutheran South,0
2019-09-18,Trinity Catholic,0,Lutheran St. Charles,2
2019-09-18,Riverview Gardens,1,McCluer,2
2019-09-18,Hazelwood Central,2,McCluer North,0
2019-09-18,Gateway Science Charter,0,Metro,2
2019-09-18,Parkway Central,1,Parkway West,2
2019-09-18,Northeast Vernon County,0,Rich Hill,2
2019-09-18,Hazelwood East,0,Ritenour,2
2019-09-18,Oakville,2,Rockwood Summit,1
2019-09-18,Pattonville,2,Seckman,1
2019-09-18,Nerinx Hall,0,St. Joseph's Academy,3
2019-09-18,Notre Dame (Cape Girardeau),2,St. Vincent,0
2019-09-18,Parkway North,0,Webster Groves,2
2019-09-18,Notre Dame (St. Louis),0,Whitfield,2
2019-09-18,Veritas Christian Academy,2,Winfield,0
2019-09-19,Butler,1,Adrian,2
2019-09-19,Hume,1,Ballard,2
2019-09-19,Lutheran (Kansas City),2,Barstow,0
2019-09-19,Fort Osage,2,Belton,0
2019-09-19,St. Pius X (Kansas City),2,Benton,0
2019-09-19,Dexter,2,Bernie,0
2019-09-19,Crane,0,Billings,2
2019-09-19,California,0,Blair Oaks,2
2019-09-19,Central (Cape Girardeau),2,Bloomfield,0
2019-09-19,Lee's Summit West,2,Blue Springs,1
2019-09-19,Raymore-Peculiar,1,Blue Springs South,2
2019-09-19,Clayton,2,Brentwood,0
2019-09-19,Fulton,2,Brookfield,0
2019-09-19,Ash Grove,2,Buffalo,1
2019-09-19,Eminence,2,Bunker,1
2019-09-19,Hermann,2,Calvary Lutheran,0
2019-09-19,Miller Career Academy,0,Camdenton,2
2019-09-19,Savannah,2,Cameron,0
2019-09-19,Confluence Prep Academy Charter,3,Cardinal Ritter,0
2019-09-19,McDonald County,0,Carl Junction,2
2019-09-19,Roosevelt,0,Carnahan,2
2019-09-19,Purdy,0,Cassville,2
2019-09-19,Oran,1,Central (New Madrid County),2
2019-09-19,Arcadia Valley,1,Central (Park Hills),2
2019-09-19,Pleasant Hope,2,Chadwick,0
2019-09-19,Bishop LeBlond,2,Chillicothe,0
2019-09-19,Oak Grove,2,Clinton,1
2019-09-19,Lone Jack,0,Concordia,2
2019-09-19,Holcomb,2,Cooter,0
2019-09-19,Northland Christian,3,Cristo Rey,0
2019-09-19,Bourbon,0,Crystal City,2
2019-09-19,St. Clair,2,Cuba,0
2019-09-19,Southwest (Washburn),0,Diamond,2
2019-09-19,Sherwood,2,Drexel,0
2019-09-19,Aurora,2,East Newton,1
2019-09-19,Bell City,2,East Prairie,0
2019-09-19,Lamar,0,El Dorado Springs,2
2019-09-19,Meadow Heights,0,Ellington,2
2019-09-19,Osage,0,Eugene,2
2019-09-19,Kirkwood,0,Eureka,2
2019-09-19,Willard,2,Fair Grove,0
2019-09-19,St. Dominic,2,Father Tolton,0
2019-09-19,Windsor (Imperial),0,Festus,2
2019-09-19,Ava,1,Forsyth,2
2019-09-19,Francis Howell,2,Francis Howell North,0
2019-09-19,West County,0,Fredericktown,2
2019-09-19,Liberty (Wentzville),1,Ft. Zumwalt North,2
2019-09-19,Exeter,0,Galena,2
2019-09-19,Rich Hill,2,Golden City,0
2019-09-19,Sparta,1,Grain Valley,2
2019-09-19,Valley Park,0,Grandview (Hillsboro),2
2019-09-19,Lockwood,0,Greenfield,2
2019-09-19,Boonville,0,Hallsville,2
2019-09-19,Webb City,2,Harrisonville,0
2019-09-19,Campbell,2,Hayti,0
2019-09-19,Webb City,2,Herculaneum,0
2019-09-19,Parkview,2,Hillcrest,0
2019-09-19,Carrollton,0,Holden,2
2019-09-19,Francis Howell Central,2,Holt,0
2019-09-19,Conway,2,Houston,0
2019-09-19,Villa Duchesne,0,Incarnate Word Academy,3
2019-09-19,St. Vincent,0,Jefferson (Festus),2
2019-09-19,Waynesville,0,Jefferson City,2
2019-09-19,Central (Springfield),0,Joplin,2
2019-09-19,Camdenton,0,Kickapoo,2
2019-09-19,Cabool,2,Koshkonong,0
2019-09-19,Northwest (Cedar Hill),2,Ladue Horton Watkins,0
2019-09-19,Maryville,0,Lafayette (St. Joseph),2
2019-09-19,West Plains,0,Lebanon,2
2019-09-19,Staley,0,Lee's Summit,2
2019-09-19,Advance,2,Leopold,0
2019-09-19,McAuley Catholic,0,Liberal,2
2019-09-19,Central (St. Joseph),0,Liberty,2
2019-09-19,Winona,1,Liberty (Mountain View),2
2019-09-19,Park Hill South,0,Liberty North,2
2019-09-19,Hogan Prep Academy Charter,0,Lincoln College Prep,2
2019-09-19,Lafayette (Wildwood),2,Lindbergh,0
2019-09-19,Westminster Christian Academy,2,Lutheran North,0
2019-09-19,John Burroughs,0,Lutheran South,2
2019-09-19,Riverview Gardens,2,McCluer,1
2019-09-19,Parkway South,2,Mehlville,1
2019-09-19,West Plains,0,Metro,2
2019-09-19,Hannibal,2,Mexico,0
2019-09-19,Gateway,0,Miller Career Academy,2
2019-09-19,Battle,2,Miller Career Academy,0
2019-09-19,Branson,2,Miller Career Academy,0
2019-09-19,Winona,2,Miller Career Academy,0
2019-09-19,Neosho,0,Monett,2
2019-09-19,Winona,2,Mountain Grove,0
2019-09-19,Bolivar,0,Mt. Vernon,2
2019-09-19,Sarcoxie,0,Nevada,2
2019-09-19,Centralia,0,New Haven,2
2019-09-19,Montgomery County,2,North Callaway,0
2019-09-19,Bismarck,0,North County,2
2019-09-19,William Chrisman,0,North Kansas City,2
2019-09-19,Gideon,2,North Pemiscot,0
2019-09-19,Lathrop,0,North Platte,2
2019-09-19,Hancock,2,North Technical,0
2019-09-19,Southeast,0,Northeast (Kansas City),2
2019-09-19,Everton,2,Northeast Vernon County,0
2019-09-19,Lincoln,2,Northwest (Hughesville),0
2019-09-19,Jackson,2,Notre Dame (Cape Girardeau),0
2019-09-19,St. Joseph's Academy,2,Notre Dame (St. Louis),0
2019-09-19,Park Hill,2,Oak Park,0
2019-09-19,St. Paul Lutheran (Concordia),0,Odessa,2
2019-09-19,St. Charles West,0,Orchard Farm,2
2019-09-19,La Monte,2,Otterville,1
2019-09-19,Fatima,2,Owensville,0
2019-09-19,Affton,0,Pacific,2
2019-09-19,Oakville,0,Parkway North,1
2019-09-19,Notre Dame de Sion,1,Pembroke Hill,2
2019-09-19,Lawson,2,Penney,0
2019-09-19,DeSoto,0,Perryville,2
2019-09-19,St. Charles,0,Platte County,2
2019-09-19,Mid-Buchanan,2,Plattsburg,0
2019-09-19,St. Michael the Archangel,0,Pleasant Hill,2
2019-09-19,Kennett,2,Portageville,0
2019-09-19,Hillsboro,2,Potosi,0
2019-09-19,Ruskin,0,Raytown,2
2019-09-19,Grandview,0,Raytown South,2
2019-09-19,Wellington-Napoleon,2,Richmond,0
2019-09-19,Clarkton,2,Risco,0
2019-09-19,Savannah,0,Rock Bridge,2
2019-09-19,Nodaway-Holt,2,Rock Port,1
2019-09-19,Parkway Central,1,Rockwood Summit,2
2019-09-19,Lutheran St. Charles,2,Springfield Catholic,0
2019-09-19,Versailles,2,Sarcoxie,0
2019-09-19,Green Ridge,0,Sacred Heart,2
2019-09-19,Licking,2,Salem,0
2019-09-19,Blue Eye,2,School of the Ozarks,0
2019-09-19,Fox,0,Seckman,2
2019-09-19,New Heights Christian,2,Sheldon,0
2019-09-19,Poplar Bluff,2,Sikeston,0
2019-09-19,Cole Camp,2,Smithton,0
2019-09-19,Wright City,1,South Iron,2
2019-09-19,Caruthersville,2,Summersville,0
2019-09-19,Hickman,2,Southern Boone,1
2019-09-19,Delta (Deering),0,Southland,2
2019-09-19,Hurley,2,Union,0
2019-09-19,Clever,2,Spokane,0
2019-09-19,Warsaw,0,St. James,2
2019-09-19,University City,2,STEAM Academy,1
2019-09-19,Springfield Catholic,2,Stockton,1
2019-09-19,Willow Springs,2,Thayer,0
2019-09-19,Ft. Zumwalt South,0,Timberland,2
2019-09-19,Soldan International Studies,2,Transportation and Law,0
2019-09-19,Kirksville,2,Trenton,0
2019-09-19,Ft. Zumwalt West,0,Troy Buchanan,2
2019-09-19,Malden,2,St. Clair,0
2019-09-19,Rolla,2,Union,0
2019-09-19,Summit Christian Academy,3,University Academy Charter,0
2019-09-19,Saxony Lutheran,0,Valle Catholic,2
2019-09-19,Greenville,1,Valley,2
2019-09-19,McKinley Classical Leadership,0,Waynesville,2
2019-09-19,Duchesne,0,Veritas Christian Academy,2
2019-09-19,Jasper,0,Verona,2
2019-09-19,Belle,0,Viburnum,2
2019-09-19,Cor Jesu Academy,2,Visitation Academy,0
2019-09-19,St. Charles,2,Warrenton,1
2019-09-19,Skyline,2,Warsaw,0
2019-09-19,Ft. Zumwalt East,0,Washington,2
2019-09-19,East Buchanan,0,West Platte,2
2019-09-19,Thomas Jefferson Independent Day,0,Wheaton,2
2019-09-19,Willard,2,Windsor,1
2019-09-19,Kearney,2,Winnetonka,0
2019-09-19,Zalma,0,Woodland,0
2019-09-20,Clarkton,0,Bernie,2
2019-09-20,Summersville,0,Campbell,2
2019-09-20,Gateway Science Charter,2,KIPP St. Louis Sr.,0
2019-09-20,Puxico,0,Leopold,2
2019-09-20,Parkway West,0,Marquette,2
2019-09-20,Union,1,McCluer North,1
2019-09-20,Trinity Catholic,1,McCluer North,1
2019-09-20,Whitfield,1,MICDS,2
2019-09-20,Webster Groves,0,Nerinx Hall,2
2019-09-20,Logan-Rogersville,2,Park Hill South,1
2019-09-20,Bradleyville,0,Plato,2
2019-09-20,North Pemiscot,2,Richland (Essex),1
2019-09-20,Fordland,0,School of the Ozarks,2
2019-09-20,Risco,2,Senath-Hornersville,0
2019-09-20,Union,2,Southwest (Washburn),0
2019-09-20,Niangua,0,Wright City,2
2019-09-20,Trinity Catholic,0,Union,2
2019-09-20,Bayless,2,Valley Park,0
2019-09-21,Perryville,0,Advance,2
2019-09-21,Stockton,2,Ash Grove,0
2019-09-21,Willow Springs,1,Ash Grove,1
2019-09-21,Bolivar,2,Ash Grove,0
2019-09-21,Crane,0,Ash Grove,2
2019-09-21,Mountain Grove,0,Ava,2
2019-09-21,Thayer,0,Ava,2
2019-09-21,Cabool,2,Ava,0
2019-09-21,Neosho,1,Ava,1
2019-09-21,Licking,2,Ava,1
2019-09-21,Liberty North,2,Barstow,0
2019-09-21,St. Michael the Archangel,2,Barstow,0
2019-09-21,New Haven,2,Belle,0
2019-09-21,Winfield,2,Belle,0
2019-09-21,Harrisonville,1,Belton,1
2019-09-21,Raytown South,0,Belton,2
2019-09-21,Versailles,0,Belton,2
2019-09-21,East (Kansas City),0,Belton,2
2019-09-21,Odessa,2,Belton,0
2019-09-21,Springfield Catholic,1,Billings,1
2019-09-21,Houston,0,Billings,2
2019-09-21,Bolivar,2,Billings,0
2019-09-21,Licking,0,Blair Oaks,2
2019-09-21,Plato,0,Blair Oaks,2
2019-09-21,Neosho,0,Blair Oaks,2
2019-09-21,Arcadia Valley,2,Bloomfield,0
2019-09-21,Perryville,2,Bloomfield,1
2019-09-21,Lee's Summit,0,Blue Springs,2
2019-09-21,St. Teresa's Academy,2,Blue Springs,0
2019-09-21,St. Teresa's Academy,2,Blue Springs South,0
2019-09-21,Stockton,1,Bolivar,2
2019-09-21,Willow Springs,0,Bolivar,2
2019-09-21,Crane,0,Bolivar,2
2019-09-21,Fair Grove,2,Bolivar,0
2019-09-21,Cuba,1,Bourbon,1
2019-09-21,New Haven,2,Bowling Green,0
2019-09-21,Winfield,2,Bowling Green,0
2019-09-21,Belle,2,Bowling Green,0
2019-09-21,Winona,0,Branson,2
2019-09-21,Sacred Heart,0,Branson,2
2019-09-21,Sheldon,2,Bronaugh,0
2019-09-21,Pleasant Hope,2,Bronaugh,0
2019-09-21,Thomas Jefferson Independent Day,2,Bronaugh,0
2019-09-21,Bishop LeBlond,2,Brookfield,0
2019-09-21,Springfield Catholic,2,Buffalo,0
2019-09-21,Houston,2,Buffalo,0
2019-09-21,Billings,1,Buffalo,1
2019-09-21,Jefferson (Festus),2,Bunker,0
2019-09-21,Greenville,0,Bunker,2
2019-09-21,Ellington,2,Bunker,0
2019-09-21,Diamond,1,Butler,1
2019-09-21,Jasper,0,Butler,2
2019-09-21,Liberal,0,Butler,2
2019-09-21,New Heights Christian,2,Butler,0
2019-09-21,Thayer,0,Cabool,2
2019-09-21,Neosho,1,Cabool,1
2019-09-21,Mountain Grove,0,Cabool,2
2019-09-21,Licking,2,Cabool,1
2019-09-21,Winona,1,Camdenton,1
2019-09-21,Sacred Heart,1,Camdenton,1
2019-09-21,Branson,2,Camdenton,0
2019-09-21,Miller Career Academy,0,Camdenton,2
2019-09-21,Marshfield,0,Camdenton,2
2019-09-21,Orrick,0,Cameron,2
2019-09-21,Plattsburg,0,Cameron,2
2019-09-21,Mid-Buchanan,2,Cameron,0
2019-09-21,Wellington-Napoleon,2,Cameron,1
2019-09-21,Kickapoo,2,Carl Junction,0
2019-09-21,Oak Park,0,Carl Junction,2
2019-09-21,Grandview,0,Carl Junction,2
2019-09-21,Bishop LeBlond,2,Carrollton,0
2019-09-21,Brookfield,1,Carrollton,1
2019-09-21,Nevada,2,Center,0
2019-09-21,Odessa,2,Center,0
2019-09-21,Versailles,2,Center,0
2019-09-21,William Chrisman,2,Center,0
2019-09-21,Logan-Rogersville,2,Central (St. Joseph),0
2019-09-21,St. Michael the Archangel,2,Central (St. Joseph),0
2019-09-21,Fort Osage,1,Central (St. Joseph),1
2019-09-21,Collegiate School of Med-Bio Science,0,Central (St. Joseph),2
2019-09-21,Lone Jack,0,Central (St. Joseph),2
2019-09-21,Bishop LeBlond,2,Chillicothe,0
2019-09-21,Lawson,1,Chillicothe,1
2019-09-21,Richmond,0,Chillicothe,2
2019-09-21,Penney,0,Chillicothe,2
2019-09-21,Brookfield,1,Chillicothe,1
2019-09-21,West County,2,Clearwater,0
2019-09-21,South Iron,2,Clearwater,0
2019-09-21,Stockton,2,Conway,0
2019-09-21,Fair Grove,2,Conway,0
2019-09-21,Crane,1,Conway,2
2019-09-21,St. Joseph's Academy,0,Cor Jesu Academy,2
2019-09-21,Willow Springs,1,Crane,1
2019-09-21,Jasper,0,Diamond,2
2019-09-21,West County,2,Doniphan,0
2019-09-21,Clearwater,1,Doniphan,1
2019-09-21,Jefferson (Festus),2,Doniphan,0
2019-09-21,South Iron,0,Doniphan,2
2019-09-21,Whitfield,0,Duchesne,2
2019-09-21,Principia,0,Duchesne,2
2019-09-21,Liberty (Wentzville),2,Duchesne,0
2019-09-21,Orrick,0,East Buchanan,2
2019-09-21,Plattsburg,0,East Buchanan,2
2019-09-21,Cameron,0,East Buchanan,2
2019-09-21,Mid-Buchanan,2,East Buchanan,0
2019-09-21,Wellington-Napoleon,0,East Buchanan,2
2019-09-21,Jefferson (Festus),2,Ellington,0
2019-09-21,West County,2,Ellington,1
2019-09-21,Sheldon,2,Exeter,0
2019-09-21,Pleasant Hope,2,Exeter,0
2019-09-21,McAuley Catholic,2,Exeter,0
2019-09-21,Stockton,0,Fair Grove,2
2019-09-21,Springfield Catholic,2,Fair Grove,1
2019-09-21,Houston,0,Fair Grove,2
2019-09-21,Lafayette (Wildwood),2,Francis Howell,0
2019-09-21,St. Joseph's Academy,2,Francis Howell,0
2019-09-21,Cor Jesu Academy,2,Francis Howell,0
2019-09-21,St. Charles,0,Francis Howell North,2
2019-09-21,Valle Catholic,2,Francis Howell North,0
2019-09-21,Francis Howell North,0,Ft. Zumwalt South,2
2019-09-21,Nixa,2,Glendale,0
2019-09-21,Carl Junction,2,Glendale,1
2019-09-21,Barstow,0,Grain Valley,2
2019-09-21,Liberty North,2,Grain Valley,0
2019-09-21,Blair Oaks,2,Greenfield,0
2019-09-21,Salem,1,Greenfield,1
2019-09-21,Licking,2,Greenfield,0
2019-09-21,Plato,1,Greenfield,1
2019-09-21,Neosho,2,Greenfield,0
2019-09-21,Jefferson (Festus),2,Greenville,0
2019-09-21,Ellington,2,Greenville,0
2019-09-21,Veritas Christian Academy,1,Hannibal,1
2019-09-21,Versailles,0,Harrisonville,2
2019-09-21,Raytown South,0,Harrisonville,2
2019-09-21,Lutheran North,1,Hazelwood East,1
2019-09-21,Jennings,2,Hazelwood East,0
2019-09-21,McCluer,1,Hazelwood East,1
2019-09-21,University City,1,Hazelwood East,1
2019-09-21,Riverview Gardens,0,Hazelwood East,2
2019-09-21,Warrenton,1,Herculaneum,1
2019-09-21,Confluence Prep Academy Charter,0,Herculaneum,2
2019-09-21,Springfield Catholic,2,Houston,0
2019-09-21,Advance,1,Jackson,3
2019-09-21,New Heights Christian,2,Jasper,0
2019-09-21,Lutheran North,2,Jennings,0
2019-09-21,McCluer,1,Jennings,1
2019-09-21,Riverview Gardens,0,Jennings,2
2019-09-21,University City,0,Jennings,2
2019-09-21,St. Michael the Archangel,0,Kearney,2
2019-09-21,Nixa,2,Kickapoo,0
2019-09-21,Oak Park,0,Kickapoo,2
2019-09-21,Marquette,2,Ladue Horton Watkins,0
2019-09-21,Rock Bridge,2,Ladue Horton Watkins,0
2019-09-21,Hannibal,0,Ladue Horton Watkins,2
2019-09-21,Northwest (Cedar Hill),1,Ladue Horton Watkins,1
2019-09-21,Veritas Christian Academy,2,Ladue Horton Watkins,0
2019-09-21,Cor Jesu Academy,2,Lafayette (Wildwood),1
2019-09-21,St. Joseph's Academy,0,Lafayette (Wildwood),2
2019-09-21,Diamond,1,Lamar,1
2019-09-21,Jasper,0,Lamar,2
2019-09-21,Butler,0,Lamar,2
2019-09-21,New Heights Christian,2,Lamar,1
2019-09-21,Purdy,0,Lamar,2
2019-09-21,Liberal,1,Lamar,1
2019-09-21,Mid-Buchanan,2,Lathrop,0
2019-09-21,Wellington-Napoleon,2,Lathrop,0
2019-09-21,Orrick,0,Lathrop,2
2019-09-21,Penney,0,Lawson,2
2019-09-21,Richmond,0,Lawson,2
2019-09-21,Bishop LeBlond,0,Lawson,2
2019-09-21,Staley,1,Lee's Summit West,2
2019-09-21,Park Hill South,2,Lee's Summit West,1
2019-09-21,New Heights Christian,2,Liberal,0
2019-09-21,Plato,0,Licking,2
2019-09-21,Lone Jack,0,Logan-Rogersville,2
2019-09-21,Fort Osage,0,Logan-Rogersville,2
2019-09-21,Raymore-Peculiar,0,Logan-Rogersville,2
2019-09-21,St. Pius X (Kansas City),0,Logan-Rogersville,2
2019-09-21,Liberty North,0,Logan-Rogersville,2
2019-09-21,Fort Osage,2,Lone Jack,0
2019-09-21,Arcadia Valley,2,Malden,0
2019-09-21,Hannibal,0,Marquette,2
2019-09-21,Northwest (Cedar Hill),2,Marquette,0
2019-09-21,Rockwood Summit,0,Marquette,2
2019-09-21,Veritas Christian Academy,0,Marquette,2
2019-09-21,Sacred Heart,0,Marshfield,2
2019-09-21,Branson,0,Marshfield,2
2019-09-21,Battle,0,Marshfield,2
2019-09-21,Lutheran North,0,McCluer,2
2019-09-21,Riverview Gardens,2,McCluer,0
2019-09-21,University City,0,McCluer,2
2019-09-21,Rock Bridge,1,Mehlville,1
2019-09-21,Northwest (Cedar Hill),2,Mehlville,0
2019-09-21,Westminster Christian Academy,1,Mehlville,1
2019-09-21,Parkway Central,2,Mehlville,0
2019-09-21,Rockwood Summit,2,Mehlville,0
2019-09-21,Wellington-Napoleon,0,Mid-Buchanan,2
2019-09-21,Branson,2,Miller Career Academy,0
2019-09-21,Winona,2,Miller Career Academy,0
2019-09-21,Battle,2,Miller Career Academy,0
2019-09-21,Neosho,1,Mountain Grove,1
2019-09-21,Thayer,0,Mountain Grove,2
2019-09-21,Thayer,0,Neosho,2
2019-09-21,William Chrisman,0,Nevada,2
2019-09-21,Odessa,1,Nevada,1
2019-09-21,Winfield,2,New Haven,0
2019-09-21,St. James,2,Nodaway-Holt,1
2019-09-21,Kearney,1,North Kansas City,1
2019-09-21,St. Michael the Archangel,1,North Kansas City,1
2019-09-21,Winnetonka,0,North Kansas City,2
2019-09-21,Grain Valley,1,North Kansas City,2
2019-09-21,St. Charles,2,North Kansas City,0
2019-09-21,Hannibal,0,Northwest (Cedar Hill),2
2019-09-21,Rock Bridge,2,Northwest (Cedar Hill),0
2019-09-21,Veritas Christian Academy,2,Northwest (Cedar Hill),0
2019-09-21,Father Tolton,0,Notre Dame (St. Louis),2
2019-09-21,Raytown,0,Odessa,2
2019-09-21,William Chrisman,0,Odessa,2
2019-09-21,Wright City,0,Orchard Farm,2
2019-09-21,Cardinal Ritter,0,Orchard Farm,2
2019-09-21,Duchesne,0,Orchard Farm,2
2019-09-21,Liberty (Wentzville),0,Orchard Farm,2
2019-09-21,Plattsburg,2,Orrick,0
2019-09-21,Collegiate School of Med-Bio Science,0,Park Hill,2
2019-09-21,Winnetonka,0,Park Hill,2
2019-09-21,St. Pius X (Kansas City),1,Park Hill,1
2019-09-21,Fort Osage,0,Park Hill,2
2019-09-21,Liberty North,2,Park Hill,0
2019-09-21,St. Teresa's Academy,2,Park Hill South,1
2019-09-21,Rock Bridge,2,Parkway Central,0
2019-09-21,Westminster Christian Academy,0,Parkway Central,2
2019-09-21,Rockwood Summit,0,Parkway Central,2
2019-09-21,Veritas Christian Academy,2,Parkway Central,1
2019-09-21,Richmond,0,Penney,2
2019-09-21,Wheaton,2,Pierce City,0
2019-09-21,McAuley Catholic,1,Pleasant Hope,1
2019-09-21,Thomas Jefferson Independent Day,0,Pleasant Hope,2
2019-09-21,Cuba,0,Potosi,2
2019-09-21,St. James,2,Potosi,0
2019-09-21,Bourbon,0,Potosi,2
2019-09-21,Herculaneum,1,Potosi,2
2019-09-21,Warrenton,2,Potosi,0
2019-09-21,Whitfield,2,Principia,0
2019-09-21,Liberty (Wentzville),2,Principia,0
2019-09-21,New Heights Christian,2,Purdy,0
2019-09-21,Liberal,2,Purdy,0
2019-09-21,Barstow,0,Raymore-Peculiar,2
2019-09-21,Kearney,0,Raymore-Peculiar,2
2019-09-21,Liberty North,2,Raymore-Peculiar,0
2019-09-21,Grain Valley,0,Raymore-Peculiar,2
2019-09-21,Grandview,1,Raytown,1
2019-09-21,Versailles,2,Raytown South,0
2019-09-21,Grandview,1,Raytown South,2
2019-09-21,Lutheran North,1,Riverview Gardens,1
2019-09-21,University City,1,Riverview Gardens,1
2019-09-21,St. Joseph Christian,2,Rock Port,0
2019-09-21,Westminster Christian Academy,0,Rockwood Summit,2
2019-09-21,Rock Bridge,0,Rockwood Summit,2
2019-09-21,Battle,1,Sacred Heart,1
2019-09-21,Blair Oaks,2,Salem,0
2019-09-21,Plato,1,Salem,1
2019-09-21,Licking,2,Salem,0
2019-09-21,Thomas Jefferson Independent Day,2,Sheldon,0
2019-09-21,McAuley Catholic,2,Sheldon,0
2019-09-21,St. Joseph Christian,2,St. James,0
2019-09-21,West County,2,South Iron,0
2019-09-21,Herculaneum,1,St. James,2
2019-09-21,Warrenton,2,St. James,0
2019-09-21,Bourbon,1,St. James,1
2019-09-21,Cuba,1,St. James,1
2019-09-21,Collegiate School of Med-Bio Science,0,St. Pius X (Kansas City),2
2019-09-21,Warrenton,2,Warsaw,0
2019-09-21,Herculaneum,1,Warsaw,1
2019-09-21,Confluence Prep Academy Charter,0,Warsaw,2
2019-09-21,Springfield Catholic,2,Stockton,0
2019-09-21,Mid-Buchanan,2,Trenton,0
2019-09-21,Plattsburg,1,Trenton,2
2019-09-21,Wellington-Napoleon,2,Trenton,0
2019-09-21,Lathrop,2,Trenton,0
2019-09-21,Kearney,1,St. Charles,1
2019-09-21,St. Michael the Archangel,1,St. Charles,1
2019-09-21,Liberty North,2,St. Charles,0
2019-09-21,Lutheran North,2,University City,0
2019-09-21,Confluence Prep Academy Charter,0,Warrenton,2
2019-09-21,Jefferson (Festus),1,West County,0
2019-09-21,Rock Bridge,2,Westminster Christian Academy,0
2019-09-21,Liberty (Wentzville),2,Whitfield,0
2019-09-21,Springfield Catholic,2,Willow Springs,1
2019-09-21,Collegiate School of Med-Bio Science,0,Winnetonka,2
2019-09-21,St. Pius X (Kansas City),1,Winnetonka,1
2019-09-21,Lone Jack,1,Winnetonka,2
2019-09-21,Battle,1,Winona,1
2019-09-21,Cardinal Ritter,0,Wright City,2
2019-09-21,Duchesne,2,Wright City,0
2019-09-23,Farmington,0,Arcadia Valley,2
2019-09-23,Lutheran (Kansas City),2,Archie,0
2019-09-23,Hancock,1,Bayless,2
2019-09-23,Linn,0,Blair Oaks,2
2019-09-23,Southwest (Washburn),0,Blue Eye,2
2019-09-23,Crossroads College Preparatory,2,Brentwood,0
2019-09-23,Hume,2,Bronaugh,0
2019-09-23,Northeast Vernon County,2,Bronaugh,0
2019-09-23,Lesterville,2,Bunker,0
2019-09-23,Centralia,0,California,2
2019-09-23,Otterville,0,Calvary Lutheran,2
2019-09-23,Jackson,2,Central (Park Hills),1
2019-09-23,Zalma,2,Charleston,0
2019-09-23,Benton,2,Chillicothe,0
2019-09-23,Viburnum,0,Clearwater,2
2019-09-23,Versailles,1,Cole Camp,2
2019-09-23,Transportation and Law,0,Collegiate School of Med-Bio Science,2
2019-09-23,Kingsville,0,Concordia,2
2019-09-23,East (Kansas City),0,Cristo Rey,2
2019-09-23,North Pemiscot,2,Delta (Deering),0
2019-09-23,Woodland,1,Dexter,2
2019-09-23,Plato,2,Dixon,0
2019-09-23,Sherwood,0,El Dorado Springs,2
2019-09-23,Boonville,0,Eldon,2
2019-09-23,Rock Bridge,2,Fatima,1
2019-09-23,Billings,2,Forsyth,0
2019-09-23,St. Dominic,2,Francis Howell Central,0
2019-09-23,Crystal City,1,Fredericktown,2
2019-09-23,Metro,2,Gateway,1
2019-09-23,North Technical,0,Gateway Science Charter,2
2019-09-23,Senath-Hornersville,0,Gideon,2
2019-09-23,Cooter,2,Hayti,0
2019-09-23,Seckman,2,Hazelwood West,0
2019-09-23,Hermann,2,Hickman,0
2019-09-23,Branson,2,Hillcrest,0
2019-09-23,Clever,0,Hollister,2
2019-09-23,Northeast Vernon County,1,Hume,2
2019-09-23,Crane,0,Hurley,2
2019-09-23,West County,0,Jefferson (Festus),2
2019-09-23,Holcomb,0,Kennett,2
2019-09-23,Willard,2,Lebanon,0
2019-09-23,Raymore-Peculiar,2,Lee's Summit North,1
2019-09-23,Meadow Heights,1,Leopold,2
2019-09-23,Orchard Farm,1,Lutheran St. Charles,2
2019-09-23,Purdy,0,Marionville,2
2019-09-23,St. Paul Lutheran (Farmington),2,Marquand-Zion,0
2019-09-23,Neosho,2,McDonald County,0
2019-09-23,Carnahan,2,McKinley Classical Leadership,0
2019-09-23,Fulton,1,Mexico,2
2019-09-23,Owensville,2,Montgomery County,0
2019-09-23,Hazelwood East,2,Normandy Collaborative,0
2019-09-23,Central (Kansas City),0,Northeast (Kansas City),2
2019-09-23,Saxony Lutheran,2,Oak Ridge,0
2019-09-23,Malden,2,Oran,1
2019-09-23,Buffalo,2,Osage,1
2019-09-23,Green Ridge,0,Osceola,2
2019-09-23,Marshfield,2,Parkview,0
2019-09-23,Kirkwood,2,Parkway Central,1
2019-09-23,Affton,2,Pattonville,0
2019-09-23,Hillsboro,0,Perryville,2
2019-09-23,East Newton,0,Pierce City,2
2019-09-23,St. Pius X (Kansas City),2,Pleasant Hill,0
2019-09-23,Bernie,1,Poplar Bluff,2
2019-09-23,Bell City,2,Puxico,0
2019-09-23,Lawson,2,Richmond,0
2019-09-23,Clayton,2,Ritenour,1
2019-09-23,Marquette,0,Rockwood Summit,2
2019-09-23,Grandview,2,Ruskin,0
2019-09-23,Columbia Independent,0,Sarcoxie,2
2019-09-23,Savannah,0,Sacred Heart,3
2019-09-23,Bloomfield,2,Sikeston,0
2019-09-23,Miller Career Academy,2,Soldan International Studies,0
2019-09-23,North Nodaway,0,South Harrison,2
2019-09-23,Central (New Madrid County),1,Summersville,2
2019-09-23,Lincoln College Prep,2,Southeast,0
2019-09-23,Camdenton,1,Southern Boone,2
2019-09-23,Grandview (Hillsboro),0,St. Clair,2
2019-09-23,Licking,2,St. James,0
2019-09-23,East Buchanan,2,St. Joseph Christian,0
2019-09-23,Valle Catholic,2,St. Vincent,0
2019-09-23,McCluer,0,STEAM Academy,2
2019-09-23,Bourbon,0,Warsaw,2
2019-09-23,St. Michael the Archangel,0,Summit Christian Academy,2
2019-09-23,Waynesville,2,West Plains,0
2019-09-23,Portageville,0,St. Clair,2
2019-09-23,Cuba,1,Union,2
2019-09-23,Jennings,2,University City,0
2019-09-23,Bishop DuBourg,0,Valley Park,2
2019-09-23,Wright City,0,Warrenton,3
2019-09-23,Ft. Zumwalt South,0,Washington,2
2019-09-23,Northland Christian,0,West Platte,2
2019-09-23,Parkway North,2,Whitfield,1
2019-09-23,Eminence,0,Willow Springs,2
2019-09-23,Lakeland,0,Windsor,2
2019-09-24,Crest Ridge,2,Archie,0
2019-09-24,Skyline,2,Ash Grove,1
2019-09-24,Mountain Grove,0,Ava,2
2019-09-24,Chilhowee,2,Ballard,0
2019-09-24,University Academy Charter,0,Barstow,3
2019-09-24,Jefferson City,2,Battle,0
2019-09-24,Brentwood,1,Bayless,2
2019-09-24,Leopold,2,Bell City,0
2019-09-24,Linn,2,Belle,1
2019-09-24,Oak Park,1,Belton,2
2019-09-24,Pembroke Hill,2,Benton,1
2019-09-24,Malden,0,Bernie,2
2019-09-24,Springfield Catholic,2,Bishop DuBourg,0
2019-09-24,Lathrop,0,Bishop LeBlond,2
2019-09-24,Lesterville,2,Bismarck,0
2019-09-24,Dexter,2,Bloomfield,0
2019-09-24,Marshfield,2,Bolivar,0
2019-09-24,Fatima,2,Boonville,0
2019-09-24,Grandview (Hillsboro),2,Bourbon,1
2019-09-24,Ozark,1,Branson,2
2019-09-24,Butler,1,Buffalo,2
2019-09-24,Chillicothe,0,Cameron,2
2019-09-24,Veritas Christian Academy,2,Cardinal Ritter,0
2019-09-24,Carthage,0,Carl Junction,2
2019-09-24,Lafayette County,2,Carrollton,0
2019-09-24,Reeds Spring,2,Cassville,0
2019-09-24,Raytown,2,Center,0
2019-09-24,Woodland,2,Central (Cape Girardeau),0
2019-09-24,Clarkton,2,Central (New Madrid County),0
2019-09-24,Waynesville,2,Central (Springfield),0
2019-09-24,Montgomery County,2,Centralia,0
2019-09-24,Niangua,0,Chadwick,2
2019-09-24,Doniphan,0,Clearwater,2
2019-09-24,Galena,0,Clever,2
2019-09-24,Nevada,2,Clinton,1
2019-09-24,KIPP St. Louis Sr.,0,Confluence Prep Academy Charter,2
2019-09-24,Union,0,Conway,2
2019-09-24,Lafayette (Wildwood),0,Cor Jesu Academy,3
2019-09-24,Herculaneum,0,Crystal City,2
2019-09-24,Sarcoxie,2,Dixon,0
2019-09-24,Charleston,2,East Prairie,0
2019-09-24,Hallsville,2,Eugene,1
2019-09-24,Northeast (Kansas City),0,Ewing Marion Kauffman,2
2019-09-24,New Heights Christian,2,Exeter,0
2019-09-24,DeSoto,0,Farmington,2
2019-09-24,Holt,0,Francis Howell,2
2019-09-24,Troy Buchanan,2,Francis Howell North,0
2019-09-24,Timberland,2,Ft. Zumwalt North,0
2019-09-24,Ft. Zumwalt East,0,Ft. Zumwalt South,2
2019-09-24,Francis Howell Central,2,Ft. Zumwalt West,0
2019-09-24,Cooter,0,Gideon,2
2019-09-24,Lockwood,2,Golden City,0
2019-09-24,Crossroads College Preparatory,2,Hancock,1
2019-09-24,Knob Noster,0,Holden,2
2019-09-24,Sikeston,0,Jackson,2
2019-09-24,Greenfield,1,Jasper,2
2019-09-24,Notre Dame (St. Louis),2,John Burroughs,1
2019-09-24,Raytown South,0,Kearney,2
2019-09-24,Warsaw,2,Kingston,0
2019-09-24,Drexel,2,Kingsville,0
2019-09-24,Green Ridge,2,La Monte,0
2019-09-24,Adrian,2,Lamar,0
2019-09-24,Orrick,0,Lawson,2
2019-09-24,Blue Springs South,1,Lee's Summit North,2
2019-09-24,Richmond,0,Lexington,2
2019-09-24,Diamond,2,Liberal,0
2019-09-24,Liberty North,2,Liberty,1
2019-09-24,Cabool,2,Liberty (Mountain View),1
2019-09-24,Washington,0,Liberty (Wentzville),2
2019-09-24,Cole Camp,2,Lincoln,1
2019-09-24,Parkway South,0,Lindbergh,2
2019-09-24,Kickapoo,2,Logan-Rogersville,0
2019-09-24,Santa Fe,2,Lone Jack,0
2019-09-24,Brookfield,0,Marshall,2
2019-09-24,Webster Groves,0,Mehlville,2
2019-09-24,Kirksville,2,Mexico,0
2019-09-24,Sarcoxie,0,Mt. Vernon,2
2019-09-24,Pacific,0,New Haven,0
2019-09-24,Chamois,1,North Callaway,2
2019-09-24,Arcadia Valley,2,North County,0
2019-09-24,Eureka,2,Northwest (Cedar Hill),0
2019-09-24,Windsor,2,Northwest (Hughesville),0
2019-09-24,Lee's Summit West,2,Notre Dame de Sion,0
2019-09-24,Excelsior Springs,1,Odessa,2
2019-09-24,Seneca,2,Oran,1
2019-09-24,Union,0,Owensville,2
2019-09-24,Blue Springs,0,Park Hill,2
2019-09-24,St. Charles,0,Park Hill South,2
2019-09-24,Ladue Horton Watkins,2,Parkway North,1
2019-09-24,Trenton,2,Penney,1
2019-09-24,Central (Park Hills),2,Perryville,0
2019-09-24,Grain Valley,0,Platte County,2
2019-09-24,Maryville,2,Plattsburg,0
2019-09-24,Oak Grove,0,Pleasant Hill,2
2019-09-24,Notre Dame (Cape Girardeau),2,Poplar Bluff,1
2019-09-24,Caruthersville,2,Portageville,1
2019-09-24,MICDS,2,Principia,0
2019-09-24,Neosho,0,Republic,2
2019-09-24,Sheldon,0,Rich Hill,2
2019-09-24,Parkview,2,Rolla,1
2019-09-24,North Kansas City,2,Ruskin,0
2019-09-24,Willard,0,Sacred Heart,2
2019-09-24,Willow Springs,2,Salem,0
2019-09-24,Hurley,0,School of the Ozarks,2
2019-09-24,Crane,0,Seneca,2
2019-09-24,Midway,2,Sherwood,1
2019-09-24,Helias Catholic,2,Savannah,0
2019-09-24,Warsaw,0,Smithton,2
2019-09-24,Winnetonka,2,Sparta,0
2019-09-24,West Platte,2,South Harrison,0
2019-09-24,Rock Port,2,St. James,0
2019-09-24,Meadow Heights,0,South Iron,2
2019-09-24,Risco,2,Southland,0
2019-09-24,St. Charles West,0,St. Charles,2
2019-09-24,St. James,0,St. Clair,2
2019-09-24,Hickman,2,St. Paul Lutheran (Concordia),0
2019-09-24,Central (St. Joseph),2,Staley,1
2019-09-24,West Plains,0,Winona,2
2019-09-24,Hermann,2,Webb City,0
2019-09-24,Houston,2,Thayer,0
2019-09-24,McAuley Catholic,2,Thomas Jefferson Independent Day,1
2019-09-24,Otterville,0,Tipton,2
2019-09-24,Duchesne,2,Trinity Catholic,0
2019-09-24,Fredericktown,0,Valle Catholic,2
2019-09-24,Maplewood-Richmond Hts.,2,Valley Park,0
2019-09-24,Summit Christian Academy,3,Versailles,1
2019-09-24,Miller,2,Verona,0
2019-09-24,St. Joseph's Academy,2,Villa Duchesne,0
2019-09-24,St. Joseph's Academy,2,Visitation Academy,1
2019-09-24,Harrisonville,1,Warrensburg,2
2019-09-24,Joplin,0,Webb City,2
2019-09-24,Concordia,2,Wellington-Napoleon,0
2019-09-24,Lutheran South,0,Westminster Christian Academy,2
2019-09-24,East Newton,0,Wheaton,2
2019-09-24,Nixa,1,Willard,2
2019-09-24,Fort Osage,2,William Chrisman,0
2019-09-24,Warrenton,2,Winfield,0
2019-09-24,Wright City,1,Winona,2
2019-09-25,Ritenour,0,Affton,2
2019-09-25,Bishop DuBourg,2,Brentwood,0
2019-09-25,Transportation and Law,0,Carnahan,2
2019-09-25,Ursuline Academy,1,Duchesne,1
2019-09-25,St. Joseph's Academy,2,Duchesne,0
2019-09-25,Webster Groves,1,Francis Howell,1
2019-09-25,Ursuline Academy,0,Francis Howell,2
2019-09-25,Oakville,1,Francis Howell,1
2019-09-25,Duchesne,0,Francis Howell,2
2019-09-25,Holt,1,Ft. Zumwalt North,2
2019-09-25,Jennings,1,Hazelwood East,2
2019-09-25,St. Paul Lutheran (Farmington),0,Herculaneum,2
2019-09-25,Maplewood-Richmond Hts.,2,Lift for Life Academy Charter,0
2019-09-25,St. Joseph's Academy,1,Marquette,1
2019-09-25,Nerinx Hall,0,Marquette,2
2019-09-25,Timberland,1,Marquette,1
2019-09-25,University City,2,McCluer,1
2019-09-25,Soldan International Studies,1,McKinley Classical Leadership,1
2019-09-25,Rockwood Summit,2,Mehlville,0
2019-09-25,Roosevelt,0,Metro,2
2019-09-25,St. Joseph's Academy,2,Nerinx Hall,0
2019-09-25,Hayti,0,North Pemiscot,2
2019-09-25,Bayless,2,North Technical,0
2019-09-25,Fox,0,Northwest (Cedar Hill),2
2019-09-25,Webster Groves,0,Oakville,2
2019-09-25,Ursuline Academy,0,Oakville,2
2019-09-25,Duchesne,0,Oakville,2
2019-09-25,Ladue Horton Watkins,1,Parkway South,2
2019-09-25,Springfield Catholic,0,Parkway West,2
2019-09-25,St. Dominic,2,Parkway West,0
2019-09-25,Hazelwood West,0,Pattonville,2
2019-09-25,Normandy Collaborative,0,Riverview Gardens,2
2019-09-25,Central (Cape Girardeau),2,Seneca,0
2019-09-25,McCluer North,0,Seckman,2
2019-09-25,St. Charles West,0,St. Dominic,2
2019-09-25,Saxony Lutheran,0,Ste. Genevieve,2
2019-09-25,Gateway,2,West Plains,0
2019-09-25,St. Joseph's Academy,2,Timberland,0
2019-09-25,Nerinx Hall,1,Timberland,1
2019-09-25,St. Joseph Christian,2,Timberland,0
2019-09-25,William Chrisman,2,Versailles,0
2019-09-25,Collegiate School of Med-Bio Science,2,Waynesville,0
2019-09-25,Lutheran St. Charles,1,Veritas Christian Academy,2
2019-09-25,Duchesne,0,Washington,2
2019-09-25,Duchesne,1,Webster Groves,1
2019-09-25,Ursuline Academy,0,Webster Groves,2
2019-09-25,Potosi,0,West County,2
2019-09-25,Notre Dame (St. Louis),1,Westminster Christian Academy,2
2019-09-25,Hillsboro,0,Windsor (Imperial),2
2019-09-26,Rich Hill,0,Adrian,2
2019-09-26,Jefferson (Festus),0,Arcadia Valley,2
2019-09-26,Lakeland,0,Archie,2
2019-09-26,Willow Springs,1,Ava,2
2019-09-26,Northeast Vernon County,2,Ballard,1
2019-09-26,Cuba,2,Belle,1
2019-09-26,Puxico,0,Bernie,2
2019-09-26,Union,0,Billings,2
2019-09-26,Hallsville,0,Blair Oaks,2
2019-09-26,Clever,2,Blue Eye,0
2019-09-26,St. Teresa's Academy,2,Blue Springs,1
2019-09-26,Hillcrest,0,Bolivar,2
2019-09-26,Mexico,2,Bowling Green,1
2019-09-26,Joplin,0,Branson,2
2019-09-26,Portageville,0,Campbell,2
2019-09-26,Charleston,0,Campbell,2
2019-09-26,Richland (Essex),0,Campbell,2
2019-09-26,Holcomb,0,Caruthersville,2
2019-09-26,North Kansas City,2,Center,0
2019-09-26,Bismarck,0,Central (Park Hills),2
2019-09-26,Missouri School for the Deaf,0,Chamois,3
2019-09-26,Portageville,2,Charleston,0
2019-09-26,Richland (Essex),2,Charleston,0
2019-09-26,Kingsville,2,Chilhowee,1
2019-09-26,Lafayette (St. Joseph),2,Chillicothe,0
2019-09-26,Otterville,0,Cole Camp,2
2019-09-26,Crest Ridge,0,Concordia,2
2019-09-26,Galena,2,Crane,0
2019-09-26,Festus,0,DeSoto,2
2019-09-26,Bell City,0,Dexter,2
2019-09-26,Marionville,1,Diamond,2
2019-09-26,Greenville,0,Doniphan,2
2019-09-26,Mid-Buchanan,1,East Buchanan,2
2019-09-26,Mt. Vernon,2,East Newton,0
2019-09-26,South Iron,2,Ellington,0
2019-09-26,Northland Christian,2,Ewing Marion Kauffman,0
2019-09-26,Oak Grove,1,Excelsior Springs,2
2019-09-26,Greenfield,2,Exeter,0
2019-09-26,Central (Springfield),0,Fair Grove,2
2019-09-26,St. Joseph's Academy,2,Father Tolton,0
2019-09-26,Everton,2,Fordland,1
2019-09-26,Ruskin,0,Fort Osage,2
2019-09-26,Parkway Central,2,Fox,1
2019-09-26,Francis Howell North,2,Ft. Zumwalt East,1
2019-09-26,Ft. Zumwalt South,2,Ft. Zumwalt West,1
2019-09-26,Southern Boone,0,Fulton,0
2019-09-26,Camdenton,2,Glendale,0
2019-09-26,Platte County,2,Grandview,0
2019-09-26,St. Vincent,2,Grandview (Hillsboro),1
2019-09-26,Pleasant Hill,2,Harrisonville,1
2019-09-26,Summersville,2,Hayti,0
2019-09-26,Holcomb,2,Hayti,0
2019-09-26,St. Charles,2,Hazelwood West,0
2019-09-26,Union,0,Hermann,2
2019-09-26,Battle,0,Hickman,2
2019-09-26,Northeast (Kansas City),0,Hogan Prep Academy Charter,3
2019-09-26,Summersville,0,Holcomb,2
2019-09-26,Forsyth,2,Hollister,0
2019-09-26,Miami (Amoret),0,Hume,2
2019-09-26,Lutheran South,0,Incarnate Word Academy,2
2019-09-26,Washington,1,Jackson,1
2019-09-26,Incarnate Word Academy,1,Jackson,1
2019-09-26,Lutheran South,0,Jackson,2
2019-09-26,Kirkwood,1,Jackson,1
2019-09-26,Fatima,0,Jefferson City,2
2019-09-26,Poplar Bluff,2,Kennett,0
2019-09-26,Hannibal,1,Kirksville,2
2019-09-26,Washington,1,Kirkwood,1
2019-09-26,Incarnate Word Academy,2,Kirkwood,0
2019-09-26,Lutheran South,0,Kirkwood,2
2019-09-26,Carrollton,0,Knob Noster,2
2019-09-26,Lincoln,2,La Monte,0
2019-09-26,Mehlville,0,Lafayette (Wildwood),2
2019-09-26,West Platte,2,Lathrop,0
2019-09-26,Kickapoo,2,Lebanon,0
2019-09-26,Park Hill South,2,Lee's Summit,1
2019-09-26,Blue Springs South,0,Lee's Summit West,2
2019-09-26,Wright City,0,Lesterville,2
2019-09-26,Holden,2,Lexington,0
2019-09-26,Houston,0,Liberty (Mountain View),2
2019-09-26,Plato,0,Licking,2
2019-09-26,North Technical,1,Lift for Life Academy Charter,2
2019-09-26,Central (Kansas City),0,Lincoln College Prep,2
2019-09-26,Pleasant Hope,2,Lockwood,0
2019-09-26,Lone Jack,0,Lutheran (Kansas City),2
2019-09-26,Clinton,0,Marshall,2
2019-09-26,Cameron,0,Maryville,2
2019-09-26,Hancock,2,McCluer,0
2019-09-26,Woodland,2,Meadow Heights,1
2019-09-26,Drexel,0,Midway,2
2019-09-26,Cabool,2,Mountain Grove,0
2019-09-26,Savannah,0,Nevada,2
2019-09-26,St. Clair,2,New Haven,0
2019-09-26,McDonald County,0,New Heights Christian,2
2019-09-26,Bradleyville,0,Niangua,2
2019-09-26,Carthage,1,Nixa,2
2019-09-26,North Nodaway,0,Nodaway-Holt,2
2019-09-26,Centralia,2,North Callaway,1
2019-09-26,Valle Catholic,2,North County,1
2019-09-26,Parkway North,0,Northwest (Cedar Hill),2
2019-09-26,Green Ridge,2,Northwest (Hughesville),0
2019-09-26,East Prairie,0,Oak Ridge,2
2019-09-26,Warrensburg,1,Odessa,2
2019-09-26,Santa Fe,2,Orrick,0
2019-09-26,Capital City,0,Osage,2
2019-09-26,Liberal,2,Osceola,1
2019-09-26,Webb City,0,Ozark,2
2019-09-26,St. James,0,Pacific,2
2019-09-26,St. Dominic,2,Parkway West,0
2019-09-26,Visitation Academy,2,Parkway West,0
2019-09-26,Villa Duchesne,1,Parkway West,1
2019-09-26,Northland Christian,0,Pembroke Hill,2
2019-09-26,Ewing Marion Kauffman,0,Pembroke Hill,2
2019-09-26,North Platte,2,Penney,0
2019-09-26,Miller,2,Pierce City,0
2019-09-26,Lawson,2,Plattsburg,0
2019-09-26,Richland (Essex),0,Portageville,2
2019-09-26,Lutheran North,1,Principia,2
2019-09-26,McAuley Catholic,2,Purdy,0
2019-09-26,Park Hill,2,Raymore-Peculiar,0
2019-09-26,Oak Park,2,Raytown,1
2019-09-26,Sparta,2,Raytown South,0
2019-09-26,Spokane,0,Reeds Spring,2
2019-09-26,Carl Junction,2,Republic,0
2019-09-26,Lafayette County,2,Richmond,0
2019-09-26,Jennings,2,Riverview Gardens,1
2019-09-26,St. Paul Lutheran (Concordia),0,Rock Bridge,2
2019-09-26,Villa Duchesne,1,Springfield Catholic,1
2019-09-26,Windsor,0,Sacred Heart,2
2019-09-26,Thayer,1,Salem,2
2019-09-26,Ash Grove,2,Sarcoxie,0
2019-09-26,Benton,2,Savannah,1
2019-09-26,Advance,2,Saxony Lutheran,0
2019-09-26,Aurora,0,Seneca,2
2019-09-26,Buffalo,2,Sherwood,0
2019-09-26,Tipton,2,Smithton,0
2019-09-26,Brookfield,0,South Harrison,2
2019-09-26,School of the Ozarks,0,Springfield Catholic,2
2019-09-26,Visitation Academy,0,St. Dominic,2
2019-09-26,Villa Duchesne,0,St. Dominic,2
2019-09-26,Bishop LeBlond,0,St. Pius X (Kansas City),2
2019-09-26,Liberty,2,Staley,0
2019-09-26,Normandy Collaborative,0,STEAM Academy,2
2019-09-26,Butler,0,Stockton,2
2019-09-26,Owensville,1,Webb City,2
2019-09-26,Barstow,0,Summit Christian Academy,3
2019-09-26,Liberty North,2,St. Charles,0
2019-09-26,Hazelwood East,2,University City,0
2019-09-26,Bunker,2,Valley,0
2019-09-26,Eldon,2,Versailles,0
2019-09-26,Bourbon,0,Viburnum,2
2019-09-26,Visitation Academy,2,Villa Duchesne,0
2019-09-26,El Dorado Springs,2,Warsaw,0
2019-09-26,Incarnate Word Academy,2,Washington,0
2019-09-26,Lutheran South,2,Washington,0
2019-09-26,West Plains,2,Waynesville,1
2019-09-26,Verona,1,Wheaton,2
2019-09-26,Neosho,0,Willard,2
2019-09-26,Belton,0,William Chrisman,2
2019-09-26,Grain Valley,2,Winnetonka,0
2019-09-26,Clearwater,0,Winona,2
2019-09-26,Montgomery County,2,Wright City,1
2019-09-26,Leopold,2,Zalma,0
2019-09-27,Notre Dame (Cape Girardeau),2,Bloomfield,0
2019-09-27,Valley Park,1,Brentwood,2
2019-09-27,North Pemiscot,0,Campbell,2
2019-09-27,Cooter,0,Clarkton,2
2019-09-27,Delta (Deering),0,Clarkton,2
2019-09-27,Maplewood-Richmond Hts.,2,Crossroads College Preparatory,1
2019-09-27,Cooter,2,Delta (Deering),0
2019-09-27,Golden City,2,Exeter,0
2019-09-27,Billings,2,Fordland,0
2019-09-27,Southland,0,Gideon,2
2019-09-27,North Pemiscot,0,Gideon,2
2019-09-27,Pleasant Hill,2,Harrisonville,1
2019-09-27,Parkway North,1,Hazelwood Central,1
2019-09-27,Ladue Horton Watkins,2,Hazelwood Central,0
2019-09-27,Parkway North,2,Hazelwood East,0
2019-09-27,Ladue Horton Watkins,2,Hazelwood East,0
2019-09-27,University City,0,Hazelwood West,2
2019-09-27,Ritenour,2,Hazelwood West,0
2019-09-27,Calvary Lutheran,2,Linn,0
2019-09-27,Collegiate School of Med-Bio Science,1,McKinley Classical Leadership,1
2019-09-27,Transportation and Law,0,Metro,2
2019-09-27,Waynesville,0,Miller Career Academy,2
2019-09-27,North Technical,2,Normandy Collaborative,0
2019-09-27,Southland,0,North Pemiscot,2
2019-09-27,Oran,1,Oak Ridge,2
2019-09-27,Visitation Academy,2,Parkway West,0
2019-09-27,Niangua,0,Plato,2
2019-09-27,Orchard Farm,2,Principia,0
2019-09-27,Zalma,2,Puxico,0
2019-09-27,Holt,2,Ritenour,0
2019-09-27,Carnahan,1,Roosevelt,1
2019-09-27,Visitation Academy,2,Springfield Catholic,0
2019-09-27,Gideon,2,Senath-Hornersville,0
2019-09-27,North Pemiscot,2,Senath-Hornersville,0
2019-09-27,Southland,1,Senath-Hornersville,1
2019-09-27,Transportation and Law,2,Soldan International Studies,1
2019-09-27,Hurley,3,Southwest (Washburn),2
2019-09-27,Purdy,0,Union,2
2019-09-27,Visitation Academy,0,St. Dominic,2
2019-09-27,McKinley Classical Leadership,1,West Plains,1
2019-09-27,Clarkton,2,St. Clair,0
2019-09-27,Delta (Deering),0,St. Clair,2
2019-09-27,Cooter,1,St. Clair,1
2019-09-27,Holt,2,University City,0
2019-09-27,Viburnum,2,Valley,0
2019-09-27,West Plains,1,Waynesville,2
2019-09-27,Visitation Academy,2,Villa Duchesne,0
2019-09-27,Windsor (Imperial),2,Whitfield,0
2019-09-28,Lutheran (Kansas City),2,Archie,0
2019-09-28,Pembroke Hill,1,Archie,1
2019-09-28,Benton,2,Archie,0
2019-09-28,West Plains,0,Aurora,2
2019-09-28,Republic,2,Aurora,0
2019-09-28,Carthage,2,Aurora,0
2019-09-28,Neosho,0,Aurora,2
2019-09-28,Summit Christian Academy,1,Barstow,1
2019-09-28,Midway,1,Benton,1
2019-09-28,West Platte,1,Benton,1
2019-09-28,East (Kansas City),1,Benton,1
2019-09-28,Lutheran (Kansas City),2,Benton,0
2019-09-28,Pembroke Hill,2,Benton,0
2019-09-28,Galena,0,Blue Eye,2
2019-09-28,Spokane,0,Blue Eye,2
2019-09-28,Southwest (Washburn),0,Blue Eye,2
2019-09-28,Hallsville,2,Brookfield,0
2019-09-28,South Harrison,2,Brookfield,0
2019-09-28,Tipton,2,Brookfield,0
2019-09-28,Clarkton,0,Campbell,2
2019-09-28,Gideon,2,Campbell,0
2019-09-28,North Pemiscot,0,Campbell,2
2019-09-28,Nevada,1,Carl Junction,2
2019-09-28,Webb City,2,Carl Junction,0
2019-09-28,West Plains,0,Carl Junction,2
2019-09-28,Republic,0,Carl Junction,2
2019-09-28,Central (Springfield),0,Carl Junction,2
2019-09-28,Collegiate School of Med-Bio Science,1,Carnahan,1
2019-09-28,Webb City,2,Carthage,0
2019-09-28,Republic,0,Carthage,2
2019-09-28,Nevada,0,Carthage,2
2019-09-28,Neosho,0,Carthage,2
2019-09-28,Helias Catholic,1,Carthage,2
2019-09-28,Hogan Prep Academy Charter,2,Central (Kansas City),0
2019-09-28,Ruskin,2,Central (Kansas City),0
2019-09-28,Neosho,2,Central (Springfield),1
2019-09-28,Barstow,0,Central (St. Joseph),2
2019-09-28,Summit Christian Academy,1,Central (St. Joseph),1
2019-09-28,Platte County,1,Central (St. Joseph),1
2019-09-28,Park Hill,2,Central (St. Joseph),0
2019-09-28,Winnetonka,0,Central (St. Joseph),2
2019-09-28,William Chrisman,0,Central (St. Joseph),2
2019-09-28,Father Tolton,2,Centralia,0
2019-09-28,North Callaway,0,Centralia,2
2019-09-28,Tipton,2,Centralia,0
2019-09-28,Holcomb,0,Clarkton,2
2019-09-28,Summersville,0,Clarkton,2
2019-09-28,Mt. Vernon,0,Clever,2
2019-09-28,Osceola,0,Clever,2
2019-09-28,Skyline,2,Clever,0
2019-09-28,Springfield Catholic,2,Clever,0
2019-09-28,El Dorado Springs,2,Clever,0
2019-09-28,Marshall,2,Cole Camp,0
2019-09-28,Santa Fe,1,Cole Camp,1
2019-09-28,St. Paul Lutheran (Concordia),1,Crest Ridge,1
2019-09-28,Lincoln,1,Crest Ridge,1
2019-09-28,La Monte,0,Crest Ridge,2
2019-09-28,Oak Grove,2,Crest Ridge,0
2019-09-28,Northwest (Hughesville),0,Crest Ridge,2
2019-09-28,Ewing Marion Kauffman,0,Cristo Rey,2
2019-09-28,Ft. Zumwalt West,1,DeSoto,1
2019-09-28,Festus,2,DeSoto,0
2019-09-28,St. Clair,2,DeSoto,0
2019-09-28,Seckman,2,DeSoto,0
2019-09-28,St. Joseph's Academy,2,Duchesne,0
2019-09-28,El Dorado Springs,2,East Newton,0
2019-09-28,School of the Ozarks,0,East Newton,2
2019-09-28,Springfield Catholic,2,East Newton,0
2019-09-28,Osceola,0,East Newton,2
2019-09-28,Monett,2,East Newton,1
2019-09-28,Springfield Catholic,1,El Dorado Springs,1
2019-09-28,School of the Ozarks,1,El Dorado Springs,1
2019-09-28,Winona,2,El Dorado Springs,0
2019-09-28,Mt. Vernon,1,El Dorado Springs,2
2019-09-28,Ft. Zumwalt West,2,Festus,0
2019-09-28,St. Clair,1,Festus,1
2019-09-28,Seckman,1,Festus,1
2019-09-28,Fox,0,Festus,2
2019-09-28,Pattonville,1,Festus,2
2019-09-28,Verona,1,Forsyth,2
2019-09-28,Spokane,0,Forsyth,2
2019-09-28,Blue Eye,1,Forsyth,1
2019-09-28,Gateway Science Charter,0,Fox,2
2019-09-28,Pattonville,2,Fox,0
2019-09-28,Hillsboro,1,Fox,1
2019-09-28,Nerinx Hall,0,Francis Howell,2
2019-09-28,Washington,0,Francis Howell,2
2019-09-28,Parkway West,2,Francis Howell,1
2019-09-28,Lutheran South,0,Francis Howell,2
2019-09-28,St. Charles,0,Francis Howell North,2
2019-09-28,Valle Catholic,2,Francis Howell North,0
2019-09-28,St. Charles,2,Ft. Zumwalt South,0
2019-09-28,Valle Catholic,2,Ft. Zumwalt South,0
2019-09-28,Ozark,2,Ft. Zumwalt South,0
2019-09-28,Francis Howell North,0,Ft. Zumwalt South,2
2019-09-28,Seckman,2,Ft. Zumwalt West,0
2019-09-28,St. Clair,1,Ft. Zumwalt West,1
2019-09-28,Verona,1,Galena,1
2019-09-28,Southwest (Washburn),0,Galena,2
2019-09-28,McAuley Catholic,0,Galena,2
2019-09-28,Spokane,2,Galena,0
2019-09-28,Holcomb,0,Gideon,2
2019-09-28,Portageville,0,Gideon,2
2019-09-28,Helias Catholic,2,Grain Valley,1
2019-09-28,Gateway Science Charter,1,Grandview (Hillsboro),1
2019-09-28,Pattonville,2,Grandview (Hillsboro),0
2019-09-28,Hillsboro,2,Grandview (Hillsboro),0
2019-09-28,Fox,2,Grandview (Hillsboro),0
2019-09-28,Tipton,1,Hallsville,1
2019-09-28,Father Tolton,0,Hallsville,2
2019-09-28,Webb City,1,Hannibal,1
2019-09-28,Troy Buchanan,0,Hannibal,2
2019-09-28,Montgomery County,0,Hannibal,2
2019-09-28,Liberty (Wentzville),2,Hannibal,0
2019-09-28,University City,0,Hazelwood Central,2
2019-09-28,Hazelwood East,0,Hazelwood Central,2
2019-09-28,Hazelwood West,0,Hazelwood Central,2
2019-09-28,Hazelwood West,2,Hazelwood East,0
2019-09-28,University City,0,Hazelwood East,2
2019-09-28,Holt,2,Hazelwood West,0
2019-09-28,Notre Dame (St. Louis),0,Hickman,2
2019-09-28,Ozark,2,Hickman,0
2019-09-28,St. Charles West,0,Hickman,2
2019-09-28,Valle Catholic,0,Hickman,2
2019-09-28,Gateway Science Charter,0,Hillsboro,2
2019-09-28,Pattonville,2,Hillsboro,0
2019-09-28,St. Clair,2,Hillsboro,1
2019-09-28,University Academy Charter,2,Hogan Prep Academy Charter,0
2019-09-28,Nerinx Hall,1,Incarnate Word Academy,2
2019-09-28,Washington,2,Jackson,1
2019-09-28,Timberland,2,Jackson,0
2019-09-28,Springfield Catholic,0,Jackson,2
2019-09-28,Villa Duchesne,0,Jackson,2
2019-09-28,Liberty,2,Jefferson City,0
2019-09-28,St. Charles,0,Jefferson City,2
2019-09-28,Lee's Summit North,1,Jefferson City,2
2019-09-28,Pleasant Hill,0,Jefferson City,2
2019-09-28,Lee's Summit,0,Jefferson City,2
2019-09-28,Helias Catholic,2,Joplin,0
2019-09-28,Liberty (Mountain View),2,Joplin,1
2019-09-28,Neosho,0,Joplin,2
2019-09-28,McDonald County,0,Joplin,2
2019-09-28,Warrenton,0,Kearney,2
2019-09-28,Rock Bridge,0,Kearney,2
2019-09-28,Wright City,0,Kearney,2
2019-09-28,Versailles,0,Kirksville,2
2019-09-28,Savannah,1,Kirksville,1
2019-09-28,Santa Fe,2,Kirksville,0
2019-09-28,Washington,2,Kirkwood,1
2019-09-28,Visitation Academy,2,Kirkwood,0
2019-09-28,Smithton,0,Knob Noster,2
2019-09-28,La Monte,1,Knob Noster,1
2019-09-28,Lincoln,2,Knob Noster,0
2019-09-28,Oak Grove,2,Knob Noster,0
2019-09-28,Smithton,1,La Monte,1
2019-09-28,Parkway North,0,Ladue Horton Watkins,2
2019-09-28,Ritenour,1,Ladue Horton Watkins,2
2019-09-28,Holt,1,Ladue Horton Watkins,2
2019-09-28,Marshall,2,Lafayette County,0
2019-09-28,Santa Fe,2,Lafayette County,0
2019-09-28,Cole Camp,0,Lafayette County,2
2019-09-28,Versailles,1,Lafayette County,2
2019-09-28,Notre Dame de Sion,0,Lee's Summit,2
2019-09-28,Pleasant Hill,0,Lee's Summit,2
2019-09-28,Lee's Summit North,1,Lee's Summit,2
2019-09-28,St. Charles,0,Lee's Summit,2
2019-09-28,Notre Dame de Sion,0,Lee's Summit North,2
2019-09-28,St. Charles,0,Lee's Summit North,2
2019-09-28,Liberty,2,Lee's Summit North,0
2019-09-28,Hannibal,0,Liberty,2
2019-09-28,St. Charles,0,Liberty,2
2019-09-28,Helias Catholic,2,Liberty (Mountain View),0
2019-09-28,STEAM Academy,2,Lift for Life Academy Charter,0
2019-09-28,St. Paul Lutheran (Concordia),2,Lincoln,0
2019-09-28,Northwest (Hughesville),0,Lincoln,2
2019-09-28,Cristo Rey,1,Lincoln College Prep,1
2019-09-28,Versailles,1,Lincoln College Prep,2
2019-09-28,University Academy Charter,0,Lincoln College Prep,2
2019-09-28,Ewing Marion Kauffman,0,Lincoln College Prep,2
2019-09-28,Monett,2,Lockwood,0
2019-09-28,Seneca,2,Lockwood,0
2019-09-28,Winona,2,Lockwood,0
2019-09-28,School of the Ozarks,2,Lockwood,0
2019-09-28,Pembroke Hill,1,Lutheran (Kansas City),1
2019-09-28,Springfield Catholic,1,Lutheran South,2
2019-09-28,St. Dominic,2,Lutheran South,0
2019-09-28,Oakville,2,Marquette,0
2019-09-28,St. Dominic,1,Marquette,2
2019-09-28,Incarnate Word Academy,0,Marquette,2
2019-09-28,Webster Groves,1,Marquette,2
2019-09-28,Santa Fe,2,Marshall,0
2019-09-28,Grain Valley,2,McDonald County,0
2019-09-28,Webb City,2,McDonald County,0
2019-09-28,Collegiate School of Med-Bio Science,0,Metro,2
2019-09-28,Miller Career Academy,0,Metro,2
2019-09-28,John Burroughs,2,MICDS,0
2019-09-28,West Platte,1,Midway,1
2019-09-28,Pembroke Hill,2,Midway,1
2019-09-28,Waynesville,2,Miller Career Academy,0
2019-09-28,Winona,2,Monett,0
2019-09-28,Seneca,2,Monett,0
2019-09-28,Liberty (Wentzville),2,Montgomery County,0
2019-09-28,Troy Buchanan,2,Montgomery County,0
2019-09-28,Osceola,0,Mt. Vernon,2
2019-09-28,Skyline,0,Mt. Vernon,2
2019-09-28,Republic,2,Neosho,1
2019-09-28,Central (Springfield),0,Nevada,2
2019-09-28,West Plains,0,Nevada,2
2019-09-28,Father Tolton,2,North Callaway,0
2019-09-28,Brookfield,0,North Callaway,2
2019-09-28,Ruskin,1,Northeast (Kansas City),1
2019-09-28,University Academy Charter,2,Northeast (Kansas City),0
2019-09-28,St. Paul Lutheran (Concordia),2,Northwest (Hughesville),0
2019-09-28,St. Paul Lutheran (Concordia),0,Oak Grove,2
2019-09-28,La Monte,0,Oak Grove,2
2019-09-28,Smithton,0,Oak Grove,2
2019-09-28,Villa Duchesne,0,Oakville,2
2019-09-28,Timberland,0,Oakville,2
2019-09-28,Visitation Academy,0,Oakville,2
2019-09-28,Skyline,2,Osceola,0
2019-09-28,Notre Dame (St. Louis),0,Ozark,2
2019-09-28,St. Charles West,0,Ozark,2
2019-09-28,Sparta,1,Park Hill,1
2019-09-28,Winnetonka,0,Park Hill,2
2019-09-28,William Chrisman,0,Park Hill,2
2019-09-28,Platte County,2,Park Hill,1
2019-09-28,Barstow,0,Park Hill,2
2019-09-28,Ritenour,2,Parkway North,0
2019-09-28,Holt,2,Parkway North,0
2019-09-28,Incarnate Word Academy,2,Parkway West,0
2019-09-28,Gateway Science Charter,0,Pattonville,2
2019-09-28,Barstow,0,Platte County,2
2019-09-28,Summit Christian Academy,0,Platte County,2
2019-09-28,Sparta,0,Platte County,2
2019-09-28,Winnetonka,0,Platte County,2
2019-09-28,Notre Dame de Sion,2,Pleasant Hill,1
2019-09-28,University City,0,Ritenour,2
2019-09-28,Transportation and Law,1,Roosevelt,1
2019-09-28,St. Dominic,2,Springfield Catholic,0
2019-09-28,University Academy Charter,2,Ruskin,0
2019-09-28,School of the Ozarks,0,Seneca,2
2019-09-28,Winona,2,Seneca,0
2019-09-28,Marshall,0,Savannah,2
2019-09-28,Versailles,0,Savannah,2
2019-09-28,Santa Fe,1,Savannah,2
2019-09-28,West Plains,0,Soldan International Studies,2
2019-09-28,East (Kansas City),2,Southeast,0
2019-09-28,Verona,0,Southwest (Washburn),2
2019-09-28,McAuley Catholic,2,Southwest (Washburn),0
2019-09-28,McAuley Catholic,0,Spokane,2
2019-09-28,School of the Ozarks,0,Springfield Catholic,2
2019-09-28,Valle Catholic,2,St. Charles,1
2019-09-28,Notre Dame (St. Louis),2,St. Charles West,0
2019-09-28,Warrenton,1,St. Clair,2
2019-09-28,Seckman,2,St. Clair,0
2019-09-28,Rock Bridge,2,St. James,0
2019-09-28,Kearney,2,St. James,1
2019-09-28,Waynesville,2,St. James,1
2019-09-28,Warrenton,1,St. James,2
2019-09-28,Visitation Academy,2,St. Joseph's Academy,0
2019-09-28,Springfield Catholic,0,Winona,2
2019-09-28,Montgomery County,0,Webb City,2
2019-09-28,Liberty (Wentzville),2,Webb City,0
2019-09-28,Troy Buchanan,2,Webb City,0
2019-09-28,Cristo Rey,0,West Plains,2
2019-09-28,McKinley Classical Leadership,1,West Plains,1
2019-09-28,Liberty (Wentzville),1,Troy Buchanan,1
2019-09-28,Notre Dame de Sion,0,St. Charles,2
2019-09-28,Pleasant Hill,0,St. Charles,2
2019-09-28,Holcomb,2,St. Clair,1
2019-09-28,Cristo Rey,0,University Academy Charter,2
2019-09-28,Villa Duchesne,2,Ursuline Academy,1
2019-09-28,Washington,0,Versailles,2
2019-09-28,Southeast,0,Versailles,2
2019-09-28,East (Kansas City),0,Versailles,2
2019-09-28,McAuley Catholic,2,Verona,0
2019-09-28,Rock Bridge,2,Warrenton,0
2019-09-28,Wright City,0,Warrenton,2
2019-09-28,Cristo Rey,2,Washington,0
2019-09-28,Nerinx Hall,2,Washington,0
2019-09-28,Duchesne,0,Washington,2
2019-09-28,Rock Bridge,2,Waynesville,0
2019-09-28,Kearney,2,Waynesville,0
2019-09-28,Wright City,0,Waynesville,2
2019-09-28,Warrenton,0,Waynesville,2
2019-09-28,Grain Valley,1,Webb City,2
2019-09-28,Liberty (Mountain View),0,Webb City,2
2019-09-28,Ursuline Academy,0,Webster Groves,2
2019-09-28,Central (Springfield),0,West Plains,2
2019-09-28,Lutheran (Kansas City),1,West Platte,2
2019-09-28,Pembroke Hill,0,West Platte,2
2019-09-28,East (Kansas City),0,West Platte,2
2019-09-28,Sparta,0,William Chrisman,2
2019-09-28,William Chrisman,1,Winnetonka,1
2019-09-28,Sparta,0,Winnetonka,2
2019-09-28,Summit Christian Academy,0,Winnetonka,2
2019-09-28,Rock Bridge,2,Wright City,0
2019-09-29,Springfield Catholic,2,Clever,0
2019-09-29,Springfield Catholic,2,East Newton,0
2019-09-29,Springfield Catholic,1,El Dorado Springs,1
2019-09-29,School of the Ozarks,0,Springfield Catholic,2
2019-09-29,Springfield Catholic,0,Winona,2
2019-09-30,Monett,0,Aurora,2
2019-09-30,Central (Cape Girardeau),2,Bell City,0
2019-09-30,Excelsior Springs,2,Benton,1
2019-09-30,Kennett,0,Bernie,2
2019-09-30,Southwest (Washburn),0,Billings,2
2019-09-30,Mexico,2,Boonville,0
2019-09-30,Viburnum,2,Bourbon,0
2019-09-30,Richland (Essex),0,Campbell,2
2019-09-30,Cameron,2,Carrollton,0
2019-09-30,Reeds Spring,2,Central (Springfield),0
2019-09-30,Calvary Lutheran,2,Chamois,0
2019-09-30,Lincoln,2,Chilhowee,0
2019-09-30,Ash Grove,0,Clever,2
2019-09-30,Northwest (Hughesville),0,Concordia,2
2019-09-30,Lift for Life Academy Charter,0,Crossroads College Preparatory,2
2019-09-30,Kingston,0,Crystal City,2
2019-09-30,Clarkton,2,Delta (Deering),0
2019-09-30,Advance,2,Dexter,0
2019-09-30,Lamar,2,Diamond,1
2019-09-30,St. James,2,Dixon,0
2019-09-30,Bishop LeBlond,3,East Buchanan,1
2019-09-30,Doniphan,2,East Prairie,0
2019-09-30,Hickman,0,Eldon,2
2019-09-30,Wright City,2,Ellington,1
2019-09-30,Cristo Rey,2,Ewing Marion Kauffman,0
2019-09-30,Conway,0,Fair Grove,2
2019-09-30,Capital City,0,Fatima,2
2019-09-30,Forsyth,2,Fordland,0
2019-09-30,Clayton,0,Fox,2
2019-09-30,Francis Howell,1,Francis Howell Central,2
2019-09-30,Meadow Heights,2,Fredericktown,0
2019-09-30,Liberty (Wentzville),2,Ft. Zumwalt East,0
2019-09-30,Battle,1,Fulton,1
2019-09-30,Southland,0,Gideon,2
2019-09-30,New Heights Christian,2,Golden City,0
2019-09-30,Pleasant Hill,2,Grain Valley,1
2019-09-30,Liberal,2,Greenfield,1
2019-09-30,Summersville,2,Hayti,0
2019-09-30,Ritenour,1,Hazelwood Central,2
2019-09-30,Affton,2,Hazelwood West,0
2019-09-30,North County,1,Hillsboro,2
2019-09-30,Eminence,2,Houston,0
2019-09-30,Saxony Lutheran,0,Jackson,2
2019-09-30,Herculaneum,0,Jefferson (Festus),2
2019-09-30,Carl Junction,1,Kickapoo,2
2019-09-30,Ballard,0,Kingsville,2
2019-09-30,Collegiate School of Med-Bio Science,2,KIPP St. Louis Sr.,0
2019-09-30,Rock Bridge,2,Kirksville,1
2019-09-30,Richmond,0,Knob Noster,2
2019-09-30,St. Joseph Christian,2,Lathrop,0
2019-09-30,Seneca,0,Leopold,2
2019-09-30,Southeast,0,Lincoln College Prep,2
2019-09-30,Trinity Catholic,2,Lutheran North,0
2019-09-30,Chillicothe,0,Marshall,2
2019-09-30,Lafayette (St. Joseph),3,Maryville,2
2019-09-30,Pierce City,1,McAuley Catholic,2
2019-09-30,Pattonville,2,McCluer North,0
2019-09-30,Spokane,2,McDonald County,0
2019-09-30,Seckman,0,Mehlville,2
2019-09-30,Orrick,0,Mid-Buchanan,2
2019-09-30,West Plains,2,Mountain Grove,0
2019-09-30,Lindbergh,2,Nerinx Hall,1
2019-09-30,St. Joseph's Academy,2,New Haven,0
2019-09-30,Pacific,2,New Haven,0
2019-09-30,South Harrison,0,Nodaway-Holt,2
2019-09-30,North Platte,2,Nodaway-Holt,0
2019-09-30,Central (New Madrid County),2,North Pemiscot,0
2019-09-30,South Harrison,0,North Platte,2
2019-09-30,Zalma,2,Oran,1
2019-09-30,St. Joseph's Academy,2,Owensville,0
2019-09-30,Pacific,2,Owensville,0
2019-09-30,New Haven,0,Owensville,2
2019-09-30,St. Joseph's Academy,2,Pacific,0
2019-09-30,Blue Springs South,2,Park Hill,0
2019-09-30,Farmington,2,Poplar Bluff,0
2019-09-30,Cooter,0,Portageville,2
2019-09-30,Warsaw,0,Potosi,2
2019-09-30,Bloomfield,2,Puxico,0
2019-09-30,Hazelwood East,2,Riverview Gardens,0
2019-09-30,Licking,0,Rolla,2
2019-09-30,Incarnate Word Academy,2,Springfield Catholic,0
2019-09-30,North Callaway,2,Sarcoxie,0
2019-09-30,Malden,2,Senath-Hornersville,1
2019-09-30,Charleston,0,Sikeston,2
2019-09-30,Pleasant Hope,0,Skyline,2
2019-09-30,Versailles,0,Savannah,2
2019-09-30,Blair Oaks,2,Southern Boone,0
2019-09-30,Salem,0,St. Clair,2
2019-09-30,St. Teresa's Academy,2,St. Michael the Archangel,0
2019-09-30,Ste. Genevieve,1,St. Vincent,2
2019-09-30,Jennings,2,STEAM Academy,1
2019-09-30,Brookfield,0,Trenton,2
2019-09-30,Caruthersville,1,St. Clair,2
2019-09-30,Principia,2,Valley Park,1
2019-09-30,Bishop DuBourg,0,Veritas Christian Academy,2
2019-09-30,Duchesne,0,Visitation Academy,2
2019-09-30,Butler,2,Warsaw,1
2019-09-30,Central (Park Hills),2,West County,0
2019-09-30,Oak Ridge,0,Woodland,2
2019-10-01,Diamond,0,Ash Grove,2
2019-10-01,Thayer,0,Ava,2
2019-10-01,Bronaugh,2,Ballard,0
2019-10-01,Viburnum,2,Belle,0
2019-10-01,Raytown,1,Belton,2
2019-10-01,Lathrop,1,Benton,2
2019-10-01,Arcadia Valley,2,Bismarck,0
2019-10-01,Blue Springs,2,Blue Springs South,0
2019-10-01,El Dorado Springs,2,Bolivar,1
2019-10-01,Centralia,1,Bowling Green,2
2019-10-01,Republic,0,Branson,2
2019-10-01,Maplewood-Richmond Hts.,2,Brentwood,0
2019-10-01,Penney,2,Brookfield,0
2019-10-01,Parkview,2,Buffalo,0
2019-10-01,Sherwood,1,Butler,2
2019-10-01,Northland Christian,1,Cameron,2
2019-10-01,Notre Dame (St. Louis),2,Cardinal Ritter,0
2019-10-01,Richmond,0,Carrollton,2
2019-10-01,University Academy Charter,2,Central (Kansas City),0
2019-10-01,Exeter,0,Chadwick,2
2019-10-01,Seneca,2,Charleston,0
2019-10-01,Kirksville,2,Chillicothe,0
2019-10-01,Southland,0,Clarkton,2
2019-10-01,Center,0,Clinton,2
2019-10-01,Green Ridge,0,Cole Camp,2
2019-10-01,McKinley Classical Leadership,0,Collegiate School of Med-Bio Science,2
2019-10-01,Lutheran (Kansas City),2,Concordia,1
2019-10-01,Ursuline Academy,0,Cor Jesu Academy,2
2019-10-01,Purdy,0,Crane,2
2019-10-01,Bayless,0,Crossroads College Preparatory,2
2019-10-01,Jefferson (Festus),2,Crystal City,0
2019-10-01,St. James,2,Cuba,0
2019-10-01,Hayti,0,Delta (Deering),2
2019-10-01,Windsor (Imperial),2,DeSoto,0
2019-10-01,Trenton,0,East Buchanan,2
2019-10-01,Lamar,2,East Newton,0
2019-10-01,Dixon,0,Eugene,2
2019-10-01,Webster Groves,0,Eureka,2
2019-10-01,Thomas Jefferson Independent Day,2,Everton,0
2019-10-01,Harrisonville,2,Excelsior Springs,1
2019-10-01,Troy Buchanan,0,Francis Howell,2
2019-10-01,Francis Howell Central,2,Francis Howell North,0
2019-10-01,Farmington,2,Fredericktown,1
2019-10-01,Ft. Zumwalt East,0,Ft. Zumwalt North,2
2019-10-01,School of the Ozarks,2,Galena,0
2019-10-01,Carnahan,1,Gateway,2
2019-10-01,Raytown South,0,Grain Valley,2
2019-10-01,Kearney,2,Grandview,0
2019-10-01,Father Tolton,0,Hallsville,2
2019-10-01,Fulton,0,Hannibal,2
2019-10-01,STEAM Academy,2,Hazelwood East,1
2019-10-01,St. Vincent,2,Herculaneum,1
2019-10-01,Washington,0,Hermann,2
2019-10-01,Union,0,Hermann,2
2019-10-01,Montgomery County,0,Hermann,2
2019-10-01,Central (Springfield),2,Hillcrest,0
2019-10-01,Festus,1,Hillsboro,2
2019-10-01,Mid-Buchanan,2,Hogan Prep Academy Charter,0
2019-10-01,Logan-Rogersville,2,Hollister,0
2019-10-01,Ft. Zumwalt West,0,Holt,2
2019-10-01,Cabool,2,Houston,0
2019-10-01,Archie,2,Jasper,0
2019-10-01,Camdenton,0,Jefferson City,2
2019-10-01,Carthage,2,Joplin,0
2019-10-01,Valle Catholic,2,Kingston,0
2019-10-01,Lindbergh,2,Kirkwood,1
2019-10-01,Lexington,0,Knob Noster,2
2019-10-01,Holden,2,Lafayette County,1
2019-10-01,Dexter,1,Leopold,2
2019-10-01,Lakeland,0,Liberal,2
2019-10-01,St. Charles,0,Liberty,2
2019-10-01,Salem,0,Liberty (Mountain View),2
2019-10-01,Timberland,2,Liberty (Wentzville),0
2019-10-01,Lee's Summit,0,Liberty North,2
2019-10-01,John Burroughs,2,Lutheran North,0
2019-10-01,Lockwood,2,Marionville,0
2019-10-01,Lafayette (Wildwood),2,Marquette,0
2019-10-01,Mt. Vernon,0,Marshfield,2
2019-10-01,Monett,0,McDonald County,2
2019-10-01,Lutheran South,2,MICDS,0
2019-10-01,Rich Hill,0,Midway,2
2019-10-01,Sarcoxie,1,Miller,2
2019-10-01,Washington,2,Montgomery County,0
2019-10-01,Carl Junction,2,Neosho,0
2019-10-01,Seneca,0,Nevada,2
2019-10-01,Greenfield,2,Niangua,0
2019-10-01,Ozark,0,Nixa,2
2019-10-01,Potosi,1,North County,2
2019-10-01,St. James,2,North Nodaway,0
2019-10-01,Gateway Science Charter,2,North Technical,1
2019-10-01,Perryville,2,Notre Dame (Cape Girardeau),1
2019-10-01,Odessa,2,Oak Grove,0
2019-10-01,North Kansas City,2,Oak Park,0
2019-10-01,Villa Duchesne,0,Oakville,2
2019-10-01,Adrian,2,Osceola,0
2019-10-01,Smithton,2,Otterville,0
2019-10-01,Central (St. Joseph),1,Park Hill South,2
2019-10-01,Bourbon,1,Plato,2
2019-10-01,Winnetonka,0,Platte County,2
2019-10-01,Warrensburg,2,Pleasant Hill,1
2019-10-01,Pierce City,2,Pleasant Hope,1
2019-10-01,Lesterville,1,Poplar Bluff,2
2019-10-01,Central (New Madrid County),1,Portageville,2
2019-10-01,Sikeston,1,Puxico,1
2019-10-01,Lee's Summit North,1,Raymore-Peculiar,2
2019-10-01,Springfield Catholic,2,Reeds Spring,0
2019-10-01,St. Clair,2,Richland (Essex),1
2019-10-01,North Pemiscot,2,Risco,0
2019-10-01,Parkway South,0,Rockwood Summit,2
2019-10-01,Waynesville,2,Roosevelt,0
2019-10-01,William Chrisman,2,Ruskin,0
2019-10-01,Lawson,0,Savannah,2
2019-10-01,Central (Cape Girardeau),0,Saxony Lutheran,0
2019-10-01,Kennett,2,Senath-Hornersville,0
2019-10-01,Hume,0,Sheldon,2
2019-10-01,Fair Grove,1,Skyline,2
2019-10-01,Hickman,2,Savannah,1
2019-10-01,Fort Osage,0,Sparta,2
2019-10-01,West Plains,0,Soldan International Studies,2
2019-10-01,Marquand-Zion,0,South Iron,2
2019-10-01,Cooter,0,Summersville,2
2019-10-01,East (Kansas City),2,Southeast,1
2019-10-01,California,2,Southern Boone,0
2019-10-01,Blue Eye,2,Union,0
2019-10-01,Grandview (Hillsboro),0,St. Pius X (Festus),2
2019-10-01,St. Michael the Archangel,1,St. Pius X (Kansas City),2
2019-10-01,Park Hill,1,Staley,2
2019-10-01,Central (Park Hills),2,Ste. Genevieve,0
2019-10-01,Licking,2,Warsaw,0
2019-10-01,Forsyth,0,Stockton,2
2019-10-01,Northwest (Hughesville),0,Willard,2
2019-10-01,Lincoln,0,Tipton,2
2019-10-01,Miller Career Academy,2,Transportation and Law,0
2019-10-01,Lutheran St. Charles,2,Trinity Catholic,0
2019-10-01,Washington,2,Union,0
2019-10-01,Montgomery County,2,Union,0
2019-10-01,Hancock,2,Valley Park,1
2019-10-01,Billings,2,Verona,0
2019-10-01,St. Charles West,1,Warrenton,2
2019-10-01,Winona,2,Warsaw,0
2019-10-01,Willard,2,Webb City,1
2019-10-01,Santa Fe,2,Wellington-Napoleon,0
2019-10-01,Valley,0,West County,2
2019-10-01,Lone Jack,0,West Platte,2
2019-10-01,Principia,0,Westminster Christian Academy,2
2019-10-01,Mountain Grove,2,Willow Springs,1
2019-10-01,La Monte,2,Windsor,1
2019-10-01,Orchard Farm,2,Winfield,1
2019-10-01,Ellington,0,Winona,2
2019-10-01,Bell City,0,Woodland,2
2019-10-01,North Callaway,0,Wright City,2
2019-10-02,Hazelwood Central,0,Affton,2
2019-10-02,Eldon,0,Battle,2
2019-10-02,North Technical,0,Bayless,2
2019-10-02,Seckman,2,Clayton,0
2019-10-02,Metro,0,Hancock,2
2019-10-02,McCluer North,2,Hazelwood West,0
2019-10-02,Father Tolton,0,Helias Catholic,2
2019-10-02,Parkview,0,Kickapoo,2
2019-10-02,Parkway Central,2,Ladue Horton Watkins,0
2019-10-02,Jefferson City,2,Lebanon,1
2019-10-02,Collegiate School of Med-Bio Science,2,Lift for Life Academy Charter,0
2019-10-02,Jennings,2,McCluer,1
2019-10-02,Eureka,2,Mehlville,0
2019-10-02,Lindbergh,1,Northwest (Cedar Hill),2
2019-10-02,Parkway North,0,Parkway South,2
2019-10-02,Fox,0,Ritenour,2
2019-10-02,Sacred Heart,0,Santa Fe,2
2019-10-02,Sikeston,2,Seneca,0
2019-10-02,John Burroughs,0,St. Charles,2
2019-10-02,Timberland,1,St. Dominic,2
2019-10-02,St. Pius X (Festus),2,St. Vincent,0
2019-10-02,Springfield Catholic,2,Trinity Catholic,0
2019-10-02,Cristo Rey,2,University Academy Charter,0
2019-10-02,Riverview Gardens,2,University City,0
2019-10-02,Jackson,0,Valle Catholic,2
2019-10-02,Maplewood-Richmond Hts.,2,Valley Park,0
2019-10-02,Incarnate Word Academy,1,Veritas Christian Academy,2
2019-10-02,Parkway West,2,Webster Groves,0
2019-10-02,Pattonville,2,Whitfield,0
2019-10-03,Archie,0,Adrian,2
2019-10-03,Puxico,0,Advance,2
2019-10-03,Bayless,0,Affton,2
2019-10-03,Pierce City,1,Ash Grove,2
2019-10-03,Hollister,0,Aurora,2
2019-10-03,Versailles,1,Barstow,3
2019-10-03,Capital City,0,Battle,2
2019-10-03,Ruskin,0,Belton,2
2019-10-03,Bishop LeBlond,0,Benton,2
2019-10-03,Galena,0,Billings,2
2019-10-03,Fordland,0,Blue Eye,2
2019-10-03,Grain Valley,0,Blue Springs,2
2019-10-03,Savannah,0,Bolivar,2
2019-10-03,Dixon,0,Bourbon,2
2019-10-03,Niangua,1,Bradleyville,2
2019-10-03,Principia,2,Brentwood,0
2019-10-03,Hillcrest,0,Camdenton,2
2019-10-03,Senath-Hornersville,0,Campbell,2
2019-10-03,Willard,2,Carl Junction,0
2019-10-03,Lexington,2,Carrollton,1
2019-10-03,Republic,0,Carthage,2
2019-10-03,Holcomb,0,Caruthersville,2
2019-10-03,East Newton,1,Cassville,2
2019-10-03,Pembroke Hill,2,Center,0
2019-10-03,Central (New Madrid County),0,Central (Cape Girardeau),2
2019-10-03,Hogan Prep Academy Charter,0,Central (Kansas City),2
2019-10-03,North County,0,Central (Park Hills),2
2019-10-03,Hallsville,2,Centralia,0
2019-10-03,Poplar Bluff,2,Clearwater,0
2019-10-03,Buffalo,2,Clinton,0
2019-10-03,Otterville,2,Columbia Independent,0
2019-10-03,Hayti,0,Cooter,2
2019-10-03,Lincoln College Prep,3,Cristo Rey,0
2019-10-03,Metro,0,Crossroads College Preparatory,2
2019-10-03,St. Clair,2,Crystal City,0
2019-10-03,Warsaw,2,Cuba,0
2019-10-03,Summersville,0,Delta (Deering),2
2019-10-03,Herculaneum,0,DeSoto,2
2019-10-03,Winona,1,Dexter,2
2019-10-03,Lockwood,1,Diamond,2
2019-10-03,Liberal,0,Drexel,2
2019-10-03,Penney,0,East Buchanan,2
2019-10-03,St. Vincent,2,East Prairie,0
2019-10-03,Osage,2,Eldon,0
2019-10-03,Ste. Genevieve,1,Farmington,2
2019-10-03,Blair Oaks,0,Fatima,2
2019-10-03,Jefferson (Festus),2,Festus,0
2019-10-03,Ft. Zumwalt North,1,Ft. Zumwalt South,2
2019-10-03,Francis Howell North,2,Ft. Zumwalt West,0
2019-10-03,Boonville,0,Fulton,2
2019-10-03,Windsor (Imperial),2,Grandview (Hillsboro),0
2019-10-03,Tipton,2,Green Ridge,1
2019-10-03,Golden City,0,Greenfield,2
2019-10-03,Ellington,2,Greenville,0
2019-10-03,Odessa,2,Harrisonville,0
2019-10-03,Rock Bridge,1,Helias Catholic,2
2019-10-03,Pacific,0,Hermann,2
2019-10-03,St. Joseph's Academy,2,Hermann,1
2019-10-03,California,0,Hickman,2
2019-10-03,Webb City,0,Hillsboro,2
2019-10-03,Richmond,0,Holden,2
2019-10-03,Troy Buchanan,0,Holt,2
2019-10-03,Ava,2,Houston,0
2019-10-03,Everton,0,Hurley,2
2019-10-03,Osceola,1,Jasper,2
2019-10-03,Nixa,2,Joplin,0
2019-10-03,Doniphan,0,Kennett,2
2019-10-03,Marshall,0,Kirksville,2
2019-10-03,Westminster Christian Academy,2,Ladue Horton Watkins,0
2019-10-03,Knob Noster,0,Lafayette County,2
2019-10-03,Midway,2,Lakeland,0
2019-10-03,Plattsburg,0,Lathrop,2
2019-10-03,North Platte,0,Lawson,2
2019-10-03,Raymore-Peculiar,0,Lee's Summit West,2
2019-10-03,Central (St. Joseph),0,Liberty North,2
2019-10-03,Conway,0,Licking,2
2019-10-03,Smithton,1,Lincoln,2
2019-10-03,Southern Boone,2,Linn,0
2019-10-03,St. Paul Lutheran (Concordia),0,Lone Jack,2
2019-10-03,Crest Ridge,0,Lutheran (Kansas City),2
2019-10-03,Duchesne,0,Lutheran St. Charles,2
2019-10-03,Gideon,2,Malden,0
2019-10-03,Miller,2,Marionville,0
2019-10-03,Kirkwood,0,Marquette,2
2019-10-03,Logan-Rogersville,2,Marshfield,0
2019-10-03,Verona,0,McAuley Catholic,2
2019-10-03,Hazelwood East,1,McCluer,2
2019-10-03,Lutheran North,0,McCluer North,2
2019-10-03,Lamar,2,McDonald County,0
2019-10-03,Charleston,0,Meadow Heights,2
2019-10-03,Northeast Vernon County,0,Miami (Amoret),2
2019-10-03,West Platte,2,Mid-Buchanan,0
2019-10-03,Lift for Life Academy Charter,2,Miller Career Academy,1
2019-10-03,Nevada,2,Monett,0
2019-10-03,Salem,0,Mountain Grove,2
2019-10-03,Reeds Spring,1,Mt. Vernon,2
2019-10-03,Ozark,2,Neosho,0
2019-10-03,Lutheran South,1,Nerinx Hall,2
2019-10-03,Thomas Jefferson Independent Day,0,New Heights Christian,2
2019-10-03,University City,2,Normandy Collaborative,1
2019-10-03,Bowling Green,2,North Callaway,0
2019-10-03,Ewing Marion Kauffman,0,Northland Christian,3
2019-10-03,Seckman,0,Northwest (Cedar Hill),2
2019-10-03,St. Dominic,2,Notre Dame (St. Louis),0
2019-10-03,St. Michael the Archangel,2,Notre Dame de Sion,0
2019-10-03,Fort Osage,2,Oak Park,0
2019-10-03,Sikeston,2,Oran,0
2019-10-03,Wellington-Napoleon,2,Orrick,0
2019-10-03,Montgomery County,1,Owensville,2
2019-10-03,Washington,2,Pacific,0
2019-10-03,Lee's Summit North,1,Park Hill,2
2019-10-03,Staley,0,Park Hill South,2
2019-10-03,Oakville,2,Parkway Central,0
2019-10-03,Kearney,0,Platte County,2
2019-10-03,Excelsior Springs,0,Pleasant Hill,2
2019-10-03,Bernie,2,Portageville,1
2019-10-03,Fredericktown,2,Potosi,1
2019-10-03,North Kansas City,2,Raytown,1
2019-10-03,Bell City,0,Risco,2
2019-10-03,West Plains,0,Rolla,2
2019-10-03,Eugene,2,Sarcoxie,0
2019-10-03,Northwest (Hughesville),0,Sacred Heart,2
2019-10-03,Pleasant Hope,2,Sarcoxie,0
2019-10-03,Maryville,1,Savannah,2
2019-10-03,Perryville,2,Saxony Lutheran,0
2019-10-03,Springfield Catholic,2,Seneca,0
2019-10-03,El Dorado Springs,2,Sherwood,1
2019-10-03,Grandview,0,Sparta,2
2019-10-03,Trenton,2,South Harrison,0
2019-10-03,Lesterville,1,South Iron,2
2019-10-03,Northeast (Kansas City),2,Southeast,0
2019-10-03,North Pemiscot,2,Southland,0
2019-10-03,Wheaton,2,Southwest (Washburn),0
2019-10-03,Chadwick,0,Union,2
2019-10-03,Crane,1,Spokane,2
2019-10-03,Winfield,2,St. Charles,1
2019-10-03,Wright City,0,St. Charles West,2
2019-10-03,Ursuline Academy,0,St. Joseph's Academy,2
2019-10-03,Marquand-Zion,0,St. Paul Lutheran (Farmington),2
2019-10-03,Lafayette (St. Joseph),0,St. Pius X (Kansas City),2
2019-10-03,Blue Springs South,0,St. Teresa's Academy,2
2019-10-03,Riverview Gardens,0,STEAM Academy,2
2019-10-03,La Monte,0,Willard,2
2019-10-03,Stockton,0,Winona,2
2019-10-03,Plato,0,Wright City,2
2019-10-03,Confluence Prep Academy Charter,2,West Plains,1
2019-10-03,Liberty (Mountain View),2,Thayer,0
2019-10-03,Lee's Summit,2,St. Charles,0
2019-10-03,Bismarck,0,Valle Catholic,2
2019-10-03,Kingston,1,Valley,2
2019-10-03,Visitation Academy,2,Villa Duchesne,0
2019-10-03,Oak Grove,0,Warrensburg,2
2019-10-03,Orchard Farm,2,Warrenton,0
2019-10-03,St. Joseph's Academy,2,Washington,1
2019-10-03,Lebanon,2,Waynesville,0
2019-10-03,Branson,1,Webb City,2
2019-10-03,Cabool,2,Willow Springs,0
2019-10-03,Cole Camp,2,Windsor,0
2019-10-03,Raytown South,0,Winnetonka,2
2019-10-03,Bloomfield,0,Woodland,2
2019-10-04,Oak Ridge,2,Bell City,0
2019-10-04,Oran,0,Bernie,3
2019-10-04,St. Clair,0,Bloomfield,2
2019-10-04,Hancock,0,Brentwood,2
2019-10-04,Gideon,0,Campbell,2
2019-10-04,Puxico,0,Clearwater,2
2019-10-04,Bunker,2,Dixon,0
2019-10-04,Purdy,1,Everton,2
2019-10-04,Clayton,0,Fox,2
2019-10-04,Trinity Catholic,0,Francis Howell North,2
2019-10-04,Villa Duchesne,1,Francis Howell North,2
2019-10-04,Ft. Zumwalt East,1,Ft. Zumwalt North,1
2019-10-04,Lutheran St. Charles,2,Ft. Zumwalt North,0
2019-10-04,Parkway South,2,Ft. Zumwalt North,0
2019-10-04,Clarkton,2,Holcomb,0
2019-10-04,MICDS,0,Incarnate Word Academy,2
2019-10-04,Parkway West,1,Kirkwood,2
2019-10-04,Ft. Zumwalt East,0,Lutheran St. Charles,2
2019-10-04,Valley,2,Marquand-Zion,0
2019-10-04,Greenville,0,Meadow Heights,2
2019-10-04,Leopold,1,Notre Dame (Cape Girardeau),2
2019-10-04,Ft. Zumwalt East,1,Parkway South,1
2019-10-04,Lutheran St. Charles,1,Parkway South,1
2019-10-04,Belle,0,Warsaw,2
2019-10-04,Villa Duchesne,2,Trinity Catholic,0
2019-10-04,Crossroads College Preparatory,2,Valley Park,0
2019-10-04,North Technical,0,Whitfield,2
2019-10-04,Richland (Essex),0,Woodland,2
2019-10-05,Warrensburg,2,Adrian,1
2019-10-05,California,2,Adrian,0
2019-10-05,Pleasant Hill,1,Adrian,1
2019-10-05,Windsor,0,Adrian,2
2019-10-05,Battle,0,Adrian,2
2019-10-05,Ellington,0,Advance,2
2019-10-05,Bismarck,0,Advance,2
2019-10-05,Perryville,0,Advance,2
2019-10-05,Lesterville,0,Advance,2
2019-10-05,Valle Catholic,1,Advance,2
2019-10-05,Hume,0,Archie,2
2019-10-05,Holden,0,Archie,2
2019-10-05,Drexel,1,Archie,1
2019-10-05,Hollister,1,Aurora,1
2019-10-05,Branson,2,Aurora,0
2019-10-05,Clever,2,Aurora,0
2019-10-05,Miller,1,Aurora,1
2019-10-05,McDonald County,0,Aurora,2
2019-10-05,Charleston,0,Bell City,2
2019-10-05,Odessa,2,Belton,0
2019-10-05,Fort Osage,1,Belton,1
2019-10-05,Grandview,0,Belton,2
2019-10-05,Perryville,2,Bernie,0
2019-10-05,Ellington,0,Bernie,2
2019-10-05,Valle Catholic,2,Bernie,0
2019-10-05,Clearwater,2,Bismarck,1
2019-10-05,Seneca,1,Bismarck,2
2019-10-05,Ellington,2,Bismarck,0
2019-10-05,Nixa,2,Blue Springs,0
2019-10-05,Lafayette (Wildwood),1,Blue Springs,2
2019-10-05,Cor Jesu Academy,2,Blue Springs,1
2019-10-05,Liberty North,0,Blue Springs,2
2019-10-05,Lee's Summit North,2,Blue Springs South,0
2019-10-05,Cor Jesu Academy,2,Blue Springs South,0
2019-10-05,Kickapoo,2,Blue Springs South,0
2019-10-05,Eureka,2,Blue Springs South,0
2019-10-05,Stockton,2,Bolivar,0
2019-10-05,Sarcoxie,0,Bolivar,2
2019-10-05,Chadwick,2,Bradleyville,0
2019-10-05,Richmond,1,Brookfield,1
2019-10-05,Diamond,0,Buffalo,2
2019-10-05,Parkview,2,Buffalo,0
2019-10-05,El Dorado Springs,2,Buffalo,0
2019-10-05,Cabool,2,Buffalo,1
2019-10-05,Rich Hill,0,Butler,2
2019-10-05,Miami (Amoret),0,Butler,2
2019-10-05,Bolivar,0,Cabool,2
2019-10-05,Stockton,2,Cabool,0
2019-10-05,Sarcoxie,0,Cabool,2
2019-10-05,El Dorado Springs,2,Cabool,0
2019-10-05,Battle,0,California,2
2019-10-05,Branson,2,Camdenton,0
2019-10-05,Clever,0,Camdenton,2
2019-10-05,McDonald County,0,Camdenton,2
2019-10-05,Reeds Spring,1,Camdenton,1
2019-10-05,Miller,1,Camdenton,2
2019-10-05,Mt. Vernon,1,Camdenton,2
2019-10-05,Richmond,0,Carrollton,2
2019-10-05,Brookfield,0,Carrollton,2
2019-10-05,Trenton,2,Carrollton,0
2019-10-05,Hayti,0,Caruthersville,2
2019-10-05,Hogan Prep Academy Charter,2,Center,0
2019-10-05,Central (Park Hills),2,Central (Cape Girardeau),0
2019-10-05,Saxony Lutheran,1,Central (Cape Girardeau),1
2019-10-05,Clearwater,0,Central (Cape Girardeau),2
2019-10-05,Leopold,2,Central (Cape Girardeau),0
2019-10-05,Hogan Prep Academy Charter,2,Central (Kansas City),0
2019-10-05,Clearwater,0,Central (Park Hills),2
2019-10-05,Saxony Lutheran,0,Central (Park Hills),2
2019-10-05,Perryville,2,Central (Park Hills),0
2019-10-05,Lutheran (Kansas City),2,Chillicothe,0
2019-10-05,Maryville,1,Chillicothe,0
2019-10-05,Lafayette (St. Joseph),2,Chillicothe,0
2019-10-05,Savannah,2,Chillicothe,0
2019-10-05,Saxony Lutheran,2,Clearwater,0
2019-10-05,Bradleyville,1,Clinton,2
2019-10-05,Koshkonong,1,Clinton,2
2019-10-05,Chadwick,2,Clinton,0
2019-10-05,St. Dominic,1,Cor Jesu Academy,2
2019-10-05,St. Teresa's Academy,2,Cor Jesu Academy,0
2019-10-05,Southwest (Washburn),0,Crane,2
2019-10-05,Verona,0,Crane,2
2019-10-05,Wheaton,1,Crane,1
2019-10-05,Exeter,0,Crane,2
2019-10-05,Fredericktown,1,Dexter,1
2019-10-05,St. Vincent,1,Dexter,1
2019-10-05,Doniphan,2,Dexter,0
2019-10-05,Bernie,2,Dexter,1
2019-10-05,Clearwater,1,Dexter,2
2019-10-05,Kingston,0,Dexter,2
2019-10-05,El Dorado Springs,2,Diamond,0
2019-10-05,Stockton,2,Diamond,0
2019-10-05,Fredericktown,2,Doniphan,0
2019-10-05,Perryville,2,Doniphan,0
2019-10-05,Bernie,2,Doniphan,0
2019-10-05,Hume,0,Drexel,2
2019-10-05,Lockwood,0,East Newton,2
2019-10-05,Joplin,2,East Newton,0
2019-10-05,Charleston,2,East Prairie,0
2019-10-05,Bell City,2,East Prairie,0
2019-10-05,Stockton,1,El Dorado Springs,2
2019-10-05,Sarcoxie,0,El Dorado Springs,2
2019-10-05,Mt. Vernon,2,Eminence,0
2019-10-05,Republic,1,Eminence,1
2019-10-05,Lee's Summit North,0,Eureka,2
2019-10-05,Park Hill South,2,Eureka,1
2019-10-05,Kickapoo,2,Eureka,0
2019-10-05,St. Pius X (Kansas City),2,Excelsior Springs,0
2019-10-05,Verona,2,Exeter,0
2019-10-05,Wheaton,2,Exeter,0
2019-10-05,Parkway North,0,Festus,2
2019-10-05,Jefferson (Festus),0,Festus,2
2019-10-05,Hillsboro,2,Festus,0
2019-10-05,Liberty North,2,Francis Howell,0
2019-10-05,Lafayette (Wildwood),2,Francis Howell,0
2019-10-05,Lee's Summit West,2,Francis Howell,0
2019-10-05,Lutheran St. Charles,2,Francis Howell North,1
2019-10-05,Parkway South,1,Francis Howell North,2
2019-10-05,St. Vincent,1,Fredericktown,1
2019-10-05,Kingston,0,Fredericktown,2
2019-10-05,Leopold,2,Fredericktown,1
2019-10-05,Trinity Catholic,0,Ft. Zumwalt North,2
2019-10-05,Ft. Zumwalt East,0,Ft. Zumwalt North,2
2019-10-05,Lutheran South,2,Ft. Zumwalt South,0
2019-10-05,Parkway Central,1,Ft. Zumwalt South,1
2019-10-05,Troy Buchanan,2,Ft. Zumwalt South,0
2019-10-05,Notre Dame (Cape Girardeau),1,Ft. Zumwalt South,1
2019-10-05,Pierce City,2,Golden City,0
2019-10-05,Verona,2,Golden City,0
2019-10-05,Southwest (Washburn),0,Golden City,2
2019-10-05,Fort Osage,2,Grandview,0
2019-10-05,Lutheran South,0,Helias Catholic,2
2019-10-05,Jefferson (Festus),0,Hillsboro,2
2019-10-05,Seckman,0,Hillsboro,2
2019-10-05,University Academy Charter,2,Hogan Prep Academy Charter,0
2019-10-05,Hume,0,Holden,2
2019-10-05,Drexel,0,Holden,2
2019-10-05,Butler,0,Holden,2
2019-10-05,Branson,2,Hollister,0
2019-10-05,Miller,2,Hollister,0
2019-10-05,Eminence,0,Hollister,2
2019-10-05,Clever,2,Hollister,0
2019-10-05,Ladue Horton Watkins,3,John Burroughs,0
2019-10-05,Lindbergh,3,John Burroughs,0
2019-10-05,Seneca,0,Joplin,2
2019-10-05,Lockwood,0,Joplin,2
2019-10-05,Northwest (Cedar Hill),2,Joplin,0
2019-10-05,Lee's Summit North,0,Kickapoo,2
2019-10-05,St. Teresa's Academy,2,Kickapoo,1
2019-10-05,St. Vincent,2,Kingston,0
2019-10-05,Bradleyville,2,Koshkonong,0
2019-10-05,Chadwick,2,Koshkonong,1
2019-10-05,Lindbergh,3,Ladue Horton Watkins,0
2019-10-05,Lutheran (Kansas City),2,Lafayette (St. Joseph),0
2019-10-05,Maryville,2,Lafayette (St. Joseph),0
2019-10-05,Bishop LeBlond,2,Lafayette (St. Joseph),1
2019-10-05,Nixa,1,Lafayette (Wildwood),2
2019-10-05,Cor Jesu Academy,1,Lafayette (Wildwood),2
2019-10-05,Lee's Summit North,0,Lafayette (Wildwood),2
2019-10-05,Northwest (Cedar Hill),2,Lamar,0
2019-10-05,Neosho,0,Lamar,2
2019-10-05,St. Dominic,1,Lee's Summit North,2
2019-10-05,Liberty North,1,Lee's Summit West,2
2019-10-05,Nixa,2,Lee's Summit West,1
2019-10-05,Lesterville,2,Leopold,0
2019-10-05,Seneca,0,Leopold,2
2019-10-05,Valle Catholic,1,Leopold,1
2019-10-05,Perryville,0,Leopold,2
2019-10-05,Seneca,0,Lesterville,2
2019-10-05,Valle Catholic,2,Lesterville,0
2019-10-05,St. Vincent,0,Lesterville,2
2019-10-05,Marshall,2,Lexington,0
2019-10-05,Warrensburg,2,Lexington,0
2019-10-05,Santa Fe,2,Lexington,0
2019-10-05,Versailles,0,Lexington,2
2019-10-05,Windsor,1,Lexington,2
2019-10-05,Battle,2,Lexington,0
2019-10-05,KIPP St. Louis Sr.,0,Lift for Life Academy Charter,2
2019-10-05,Notre Dame (Cape Girardeau),1,Lutheran South,1
2019-10-05,Villa Duchesne,0,Lutheran St. Charles,2
2019-10-05,Versailles,0,Marshall,2
2019-10-05,Santa Fe,2,Marshall,0
2019-10-05,Pleasant Hill,2,Marshall,0
2019-10-05,Lutheran (Kansas City),0,Maryville,2
2019-10-05,Midway,0,Maryville,2
2019-10-05,Bishop LeBlond,1,Maryville,2
2019-10-05,Clever,2,McDonald County,0
2019-10-05,Reeds Spring,2,McDonald County,0
2019-10-05,Monett,0,McDonald County,2
2019-10-05,West Plains,0,Metro,2
2019-10-05,KIPP St. Louis Sr.,0,Metro,2
2019-10-05,Lift for Life Academy Charter,0,Metro,2
2019-10-05,Rolla,2,Mexico,0
2019-10-05,Osage,1,Mexico,1
2019-10-05,Webb City,2,Mexico,0
2019-10-05,Wright City,1,Mexico,1
2019-10-05,Rich Hill,2,Miami (Amoret),0
2019-10-05,Ursuline Academy,2,MICDS,0
2019-10-05,Bishop LeBlond,2,Midway,0
2019-10-05,Branson,2,Miller,0
2019-10-05,Mt. Vernon,2,Monett,0
2019-10-05,Republic,2,Monett,0
2019-10-05,Eminence,0,Monett,2
2019-10-05,Republic,1,Mt. Vernon,1
2019-10-05,Seneca,2,Neosho,0
2019-10-05,St. Teresa's Academy,0,Nixa,2
2019-10-05,Excelsior Springs,1,North Kansas City,1
2019-10-05,St. Pius X (Kansas City),2,North Kansas City,0
2019-10-05,Raymore-Peculiar,1,North Kansas City,1
2019-10-05,Neosho,0,Northwest (Cedar Hill),2
2019-10-05,Midway,0,Oak Grove,2
2019-10-05,Bishop LeBlond,1,Oak Grove,1
2019-10-05,Lutheran (Kansas City),2,Oak Grove,1
2019-10-05,Savannah,2,Oak Grove,0
2019-10-05,Fort Osage,0,Odessa,2
2019-10-05,Grandview,0,Odessa,2
2019-10-05,St. Pius X (Kansas City),0,Odessa,2
2019-10-05,Raymore-Peculiar,1,Odessa,2
2019-10-05,Rolla,2,Osage,0
2019-10-05,Wright City,1,Osage,1
2019-10-05,West Plains,0,Osage,2
2019-10-05,Waynesville,0,Osage,2
2019-10-05,Cor Jesu Academy,1,Park Hill South,2
2019-10-05,St. Teresa's Academy,1,Park Hill South,2
2019-10-05,St. Dominic,0,Park Hill South,2
2019-10-05,Nixa,2,Park Hill South,1
2019-10-05,Diamond,2,Parkview,0
2019-10-05,El Dorado Springs,1,Parkview,1
2019-10-05,Bolivar,2,Parkview,1
2019-10-05,Lutheran South,1,Parkway Central,1
2019-10-05,Rockwood Summit,2,Parkway Central,0
2019-10-05,Notre Dame (Cape Girardeau),0,Parkway Central,2
2019-10-05,Jefferson (Festus),2,Parkway North,1
2019-10-05,Villa Duchesne,0,Parkway South,2
2019-10-05,Ellington,1,Perryville,1
2019-10-05,Verona,0,Pierce City,2
2019-10-05,Wheaton,0,Pierce City,2
2019-10-05,California,1,Pleasant Hill,1
2019-10-05,Santa Fe,2,Pleasant Hill,0
2019-10-05,Windsor,0,Pleasant Hill,2
2019-10-05,Battle,0,Pleasant Hill,2
2019-10-05,Excelsior Springs,0,Raymore-Peculiar,2
2019-10-05,Fort Osage,0,Raymore-Peculiar,2
2019-10-05,St. Pius X (Kansas City),1,Raymore-Peculiar,1
2019-10-05,Branson,2,Reeds Spring,1
2019-10-05,Clever,1,Reeds Spring,1
2019-10-05,Republic,0,Reeds Spring,2
2019-10-05,Troy Buchanan,1,Rockwood Summit,1
2019-10-05,Timberland,0,Rockwood Summit,2
2019-10-05,Helias Catholic,2,Rockwood Summit,0
2019-10-05,Wright City,0,Rolla,2
2019-10-05,Webb City,0,Rolla,2
2019-10-05,Houston,0,Rolla,2
2019-10-05,California,0,Santa Fe,2
2019-10-05,Versailles,0,Santa Fe,2
2019-10-05,Stockton,2,Sarcoxie,0
2019-10-05,Midway,0,Savannah,2
2019-10-05,Bishop LeBlond,0,Savannah,2
2019-10-05,Lutheran (Kansas City),2,Savannah,0
2019-10-05,Valle Catholic,2,Saxony Lutheran,0
2019-10-05,Valle Catholic,2,Seneca,0
2019-10-05,Jefferson (Festus),2,Seckman,1
2019-10-05,Wheaton,2,Southwest (Washburn),0
2019-10-05,St. Teresa's Academy,2,St. Dominic,0
2019-10-05,Fort Osage,1,St. Pius X (Kansas City),2
2019-10-05,Houston,0,Webb City,2
2019-10-05,West Plains,0,Webb City,2
2019-10-05,Waynesville,1,Webb City,1
2019-10-05,Lift for Life Academy Charter,2,West Plains,0
2019-10-05,KIPP St. Louis Sr.,0,West Plains,2
2019-10-05,Helias Catholic,2,Timberland,0
2019-10-05,Troy Buchanan,1,Timberland,1
2019-10-05,Notre Dame (Cape Girardeau),0,Timberland,2
2019-10-05,Richmond,0,Trenton,2
2019-10-05,Brookfield,0,Trenton,2
2019-10-05,Helias Catholic,2,Troy Buchanan,0
2019-10-05,Battle,2,Versailles,0
2019-10-05,Marshall,1,Warrensburg,1
2019-10-05,Santa Fe,1,Warrensburg,1
2019-10-05,Versailles,0,Warrensburg,2
2019-10-05,California,2,Warrensburg,1
2019-10-05,West Plains,0,Waynesville,2
2019-10-05,Houston,0,Waynesville,2
2019-10-05,Houston,1,West Plains,1
2019-10-05,Wright City,0,West Plains,2
2019-10-05,California,2,Windsor,0
2019-10-05,Battle,2,Windsor,0
2019-10-07,Monett,0,Bolivar,2
2019-10-07,Calvary Lutheran,2,Boonville,0
2019-10-07,Salem,0,Bunker,2
2019-10-07,Wright City,0,Cabool,2
2019-10-07,Rock Bridge,1,California,2
2019-10-07,Malden,1,Campbell,2
2019-10-07,Fredericktown,2,Central (Cape Girardeau),1
2019-10-07,Kennett,2,Central (New Madrid County),1
2019-10-07,Lebanon,2,Central (Springfield),0
2019-10-07,North Callaway,0,Centralia,2
2019-10-07,Portageville,0,Clarkton,2
2019-10-07,Greenville,0,Clearwater,2
2019-10-07,Barstow,1,Clinton,2
2019-10-07,Lift for Life Academy Charter,2,Confluence Prep Academy Charter,0
2019-10-07,Southwest (Washburn),0,Crane,2
2019-10-07,Southeast,0,Cristo Rey,2
2019-10-07,Webb City,2,Cuba,0
2019-10-07,Puxico,0,Dexter,2
2019-10-07,St. Paul Lutheran (Farmington),0,Ellington,2
2019-10-07,Mountain Grove,2,Eminence,1
2019-10-07,Chamois,0,Eugene,2
2019-10-07,Crystal City,0,Festus,2
2019-10-07,Timberland,1,Francis Howell,2
2019-10-07,Bernie,2,Gideon,0
2019-10-07,Branson,2,Glendale,0
2019-10-07,North Pemiscot,2,Hayti,0
2019-10-07,Hazelwood East,0,Hazelwood Central,2
2019-10-07,East (Kansas City),2,Hogan Prep Academy Charter,1
2019-10-07,St. Charles,1,Holt,2
2019-10-07,Farmington,1,Jackson,2
2019-10-07,St. Dominic,2,John Burroughs,0
2019-10-07,Grandview (Hillsboro),2,Kingston,0
2019-10-07,Thayer,2,Koshkonong,0
2019-10-07,Clayton,0,Ladue Horton Watkins,2
2019-10-07,Benton,0,Lafayette (St. Joseph),2
2019-10-07,Kingsville,0,Lakeland,2
2019-10-07,Liberty (Mountain View),2,Lesterville,1
2019-10-07,Kearney,1,Liberty,2
2019-10-07,Dixon,0,Licking,2
2019-10-07,West Plains,0,Logan-Rogersville,2
2019-10-07,Crossroads College Preparatory,2,Lutheran North,0
2019-10-07,Principia,0,Maplewood-Richmond Hts.,2
2019-10-07,Billings,2,Marionville,0
2019-10-07,Meadow Heights,2,Marquand-Zion,0
2019-10-07,Mid-Buchanan,0,Maryville,2
2019-10-07,Golden City,1,McAuley Catholic,2
2019-10-07,Francis Howell Central,2,Nerinx Hall,0
2019-10-07,Exeter,0,Niangua,2
2019-10-07,South Harrison,2,North Nodaway,1
2019-10-07,West Platte,2,North Platte,0
2019-10-07,Sheldon,0,Northeast Vernon County,2
2019-10-07,East Buchanan,2,Northland Christian,0
2019-10-07,Advance,2,Notre Dame (Cape Girardeau),0
2019-10-07,Springfield Catholic,2,Notre Dame (St. Louis),1
2019-10-07,Seneca,1,Oak Ridge,2
2019-10-07,Concordia,2,Orrick,0
2019-10-07,Skyline,1,Osage,2
2019-10-07,Rolla,2,Owensville,1
2019-10-07,Park Hill,0,Park Hill South,2
2019-10-07,Oakville,2,Parkway Central,0
2019-10-07,Fox,2,Parkway North,0
2019-10-07,Lindbergh,2,Parkway West,0
2019-10-07,Rockwood Summit,2,Pattonville,1
2019-10-07,Lutheran (Kansas City),2,Pembroke Hill,0
2019-10-07,DeSoto,2,Potosi,1
2019-10-07,Platte County,1,Raymore-Peculiar,2
2019-10-07,Blue Springs South,2,Raytown,0
2019-10-07,Hume,0,Rich Hill,2
2019-10-07,Charleston,1,Richland (Essex),2
2019-10-07,McCluer,0,Riverview Gardens,2
2019-10-07,Lincoln College Prep,2,Ruskin,0
2019-10-07,Chadwick,0,School of the Ozarks,2
2019-10-07,Caruthersville,1,Senath-Hornersville,2
2019-10-07,Santa Fe,2,Savannah,0
2019-10-07,Holcomb,2,Summersville,0
2019-10-07,Eldon,0,Southern Boone,2
2019-10-07,Forsyth,2,Spokane,1
2019-10-07,Linn,0,St. James,2
2019-10-07,Penney,0,St. Joseph Christian,2
2019-10-07,Helias Catholic,0,St. Joseph's Academy,2
2019-10-07,Central (Park Hills),2,St. Pius X (Festus),0
2019-10-07,Excelsior Springs,0,St. Pius X (Kansas City),2
2019-10-07,Woodland,2,St. Vincent,0
2019-10-07,Bismarck,0,Ste. Genevieve,2
2019-10-07,Warsaw,0,Willard,2
2019-10-07,Clever,1,Winona,2
2019-10-07,Pleasant Hope,2,Thomas Jefferson Independent Day,1
2019-10-07,Sarcoxie,0,Tipton,2
2019-10-07,Chillicothe,2,Trenton,0
2019-10-07,Hillsboro,2,Union,0
2019-10-07,South Iron,1,Viburnum,2
2019-10-07,Lutheran St. Charles,2,Villa Duchesne,0
2019-10-07,Hermann,2,Washington,0
2019-10-07,Liberty North,2,William Chrisman,0
2019-10-07,Summit Christian Academy,2,Windsor,0
2019-10-07,Montgomery County,0,Winfield,2
2019-10-08,Valley,0,Arcadia Valley,2
2019-10-08,Midway,1,Archie,2
2019-10-08,Valley Park,0,Bayless,2
2019-10-08,Oran,2,Bell City,0
2019-10-08,Bourbon,1,Belle,2
2019-10-08,St. Clair,0,Bernie,2
2019-10-08,West Platte,0,Bishop LeBlond,2
2019-10-08,Helias Catholic,0,Blair Oaks,2
2019-10-08,Advance,2,Bloomfield,0
2019-10-08,Spokane,0,Blue Eye,2
2019-10-08,Park Hill,2,Blue Springs South,0
2019-10-08,Crossroads College Preparatory,2,Brentwood,0
2019-10-08,Hannibal,2,Brookfield,0
2019-10-08,Conway,0,Cabool,2
2019-10-08,Versailles,0,California,2
2019-10-08,Hallsville,2,Calvary Lutheran,0
2019-10-08,East Buchanan,0,Cameron,2
2019-10-08,Webb City,2,Carl Junction,0
2019-10-08,Holden,2,Carrollton,0
2019-10-08,Neosho,0,Carthage,2
2019-10-08,Richland (Essex),2,Central (New Madrid County),1
2019-10-08,Fredericktown,0,Central (Park Hills),2
2019-10-08,Glendale,2,Central (Springfield),0
2019-10-08,St. Charles,0,Central (St. Joseph),2
2019-10-08,East Prairie,0,Charleston,2
2019-10-08,Bunker,2,Clearwater,0
2019-10-08,Sacred Heart,0,Cole Camp,2
2019-10-08,Southland,2,Cooter,1
2019-10-08,Nerinx Hall,1,Cor Jesu Academy,2
2019-10-08,Orrick,0,Crest Ridge,2
2019-10-08,Viburnum,2,Cuba,0
2019-10-08,Risco,2,Delta (Deering),0
2019-10-08,Warsaw,2,Dixon,0
2019-10-08,St. Joseph's Academy,2,Duchesne,0
2019-10-08,University Academy Charter,2,East (Kansas City),0
2019-10-08,McDonald County,2,East Newton,0
2019-10-08,Buffalo,0,El Dorado Springs,2
2019-10-08,Mountain Grove,2,Eminence,1
2019-10-08,Eldon,1,Eugene,2
2019-10-08,Warrensburg,0,Excelsior Springs,2
2019-10-08,Bolivar,0,Fair Grove,2
2019-10-08,Battle,2,Father Tolton,0
2019-10-08,Hurley,0,Forsyth,2
2019-10-08,Raytown,0,Fort Osage,2
2019-10-08,Ft. Zumwalt West,0,Francis Howell,2
2019-10-08,Holt,1,Francis Howell North,2
2019-10-08,Washington,2,Ft. Zumwalt North,0
2019-10-08,Grain Valley,2,Grandview,0
2019-10-08,Maplewood-Richmond Hts.,2,Hancock,0
2019-10-08,Senath-Hornersville,2,Hayti,0
2019-10-08,McCluer North,2,Hazelwood East,0
2019-10-08,Festus,2,Herculaneum,0
2019-10-08,Camdenton,0,Hickman,2
2019-10-08,Marshfield,2,Hollister,0
2019-10-08,Salem,0,Houston,2
2019-10-08,Bronaugh,1,Hume,2
2019-10-08,Drexel,2,Jasper,0
2019-10-08,St. Pius X (Festus),2,Jefferson (Festus),0
2019-10-08,Sparta,1,Kearney,2
2019-10-08,Bismarck,1,Kingston,2
2019-10-08,Chillicothe,0,Lafayette (St. Joseph),2
2019-10-08,Eureka,2,Lafayette (Wildwood),0
2019-10-08,Cassville,0,Lamar,2
2019-10-08,Liberty,1,Lee's Summit,2
2019-10-08,Lee's Summit West,2,Lee's Summit North,0
2019-10-08,Woodland,2,Leopold,1
2019-10-08,Lafayette County,0,Lexington,2
2019-10-08,Adrian,2,Liberal,0
2019-10-08,Dexter,1,Liberty (Mountain View),2
2019-10-08,Ft. Zumwalt South,0,Liberty (Wentzville),2
2019-10-08,Wright City,0,Licking,2
2019-10-08,Sarcoxie,2,Lockwood,0
2019-10-08,Aurora,0,Logan-Rogersville,2
2019-10-08,Wellington-Napoleon,0,Lone Jack,2
2019-10-08,Visitation Academy,1,Lutheran South,2
2019-10-08,Caruthersville,0,Malden,2
2019-10-08,Fulton,0,Marshall,2
2019-10-08,Golden City,1,McAuley Catholic,2
2019-10-08,Zalma,0,Meadow Heights,2
2019-10-08,Villa Duchesne,2,MICDS,0
2019-10-08,Ash Grove,0,Miller,2
2019-10-08,Columbia Independent,3,Missouri School for the Deaf,0
2019-10-08,Centralia,0,Montgomery County,2
2019-10-08,Owensville,2,New Haven,0
2019-10-08,Branson,0,Nixa,2
2019-10-08,Ste. Genevieve,1,North County,2
2019-10-08,Belton,0,North Kansas City,2
2019-10-08,Normandy Collaborative,0,North Technical,2
2019-10-08,Ballard,1,Northeast Vernon County,2
2019-10-08,La Monte,2,Northwest (Hughesville),0
2019-10-08,Kennett,0,Notre Dame (Cape Girardeau),2
2019-10-08,Harrisonville,1,Oak Grove,2
2019-10-08,Pleasant Hill,0,Odessa,2
2019-10-08,St. Charles,1,Orchard Farm,2
2019-10-08,Fatima,2,Osage,0
2019-10-08,Rich Hill,1,Osceola,2
2019-10-08,Green Ridge,2,Otterville,0
2019-10-08,Joplin,0,Ozark,2
2019-10-08,Marquette,2,Parkway South,0
2019-10-08,Jackson,1,Perryville,2
2019-10-08,Diamond,1,Pierce City,2
2019-10-08,Northland Christian,2,Plattsburg,1
2019-10-08,Marionville,1,Pleasant Hope,2
2019-10-08,Sikeston,2,Portageville,0
2019-10-08,Farmington,2,Potosi,0
2019-10-08,Gateway Science Charter,2,Principia,1
2019-10-08,Galena,2,Purdy,0
2019-10-08,Central (Cape Girardeau),2,Puxico,0
2019-10-08,Blue Springs,2,Raymore-Peculiar,0
2019-10-08,Platte County,2,Raytown South,0
2019-10-08,Parkview,0,Reeds Spring,2
2019-10-08,Willard,2,Republic,0
2019-10-08,Knob Noster,2,Richmond,0
2019-10-08,St. Paul Lutheran (Concordia),0,Santa Fe,2
2019-10-08,Monett,0,Seneca,2
2019-10-08,Windsor,0,Smithton,2
2019-10-08,North Platte,2,St. James,0
2019-10-08,Bradleyville,0,Union,2
2019-10-08,Mt. Vernon,2,Springfield Catholic,1
2019-10-08,Pacific,0,St. Clair,2
2019-10-08,Hermann,2,St. James,0
2019-10-08,Liberty North,2,Staley,0
2019-10-08,Skyline,2,Stockton,1
2019-10-08,Tipton,0,Willard,2
2019-10-08,Plato,1,Thayer,1
2019-10-08,Ft. Zumwalt East,0,Timberland,2
2019-10-08,Lathrop,2,Trenton,0
2019-10-08,Ritenour,2,Trinity Catholic,0
2019-10-08,Francis Howell Central,2,Troy Buchanan,1
2019-10-08,Webb City,2,Union,0
2019-10-08,Incarnate Word Academy,2,Ursuline Academy,0
2019-10-08,West County,0,Valle Catholic,2
2019-10-08,Center,0,Versailles,2
2019-10-08,Warrenton,1,Veritas Christian Academy,2
2019-10-08,New Heights Christian,2,Verona,0
2019-10-08,Savannah,2,Warsaw,0
2019-10-08,Northwest (Cedar Hill),2,Webster Groves,0
2019-10-08,Billings,2,Wheaton,0
2019-10-08,Westminster Christian Academy,2,Whitfield,1
2019-10-08,Oak Park,2,William Chrisman,0
2019-10-08,Winona,1,Willow Springs,2
2019-10-08,Affton,0,Windsor (Imperial),2
2019-10-08,St. Charles West,0,Winfield,2
2019-10-09,Bishop DuBourg,2,Bayless,1
2019-10-09,Hazelwood Central,0,Fox,2
2019-10-09,Liberty (Wentzville),1,Francis Howell North,2
2019-10-09,St. Charles West,2,Hazelwood West,0
2019-10-09,Pacific,0,Hillsboro,2
2019-10-09,Brentwood,1,Jennings,2
2019-10-09,Lafayette (Wildwood),2,Kirkwood,0
2019-10-09,Lutheran North,0,Lutheran St. Charles,2
2019-10-09,Affton,2,McCluer North,0
2019-10-09,Lindbergh,2,Mehlville,0
2019-10-09,Mexico,2,North Callaway,0
2019-10-09,Southland,0,North Pemiscot,2
2019-10-09,Oakville,2,Parkway South,0
2019-10-09,Wright City,2,Principia,0
2019-10-09,Ruskin,0,Raytown South,2
2019-10-09,Ritenour,0,Seckman,2
2019-10-09,St. Joseph's Academy,1,St. Dominic,2
2019-10-09,Veritas Christian Academy,2,Trinity Catholic,0
2019-10-09,St. Vincent,0,West County,2
2019-10-09,Herculaneum,0,Windsor (Imperial),2
2019-10-10,Valle Catholic,2,Arcadia Valley,1
2019-10-10,Pleasant Hope,2,Ash Grove,1
2019-10-10,Marshfield,2,Aurora,0
2019-10-10,Pembroke Hill,2,Barstow,1
2019-10-10,Fatima,2,Battle,0
2019-10-10,Richland (Essex),2,Bell City,0
2019-10-10,Warsaw,2,Belle,0
2019-10-10,Lutheran St. Charles,2,Bishop DuBourg,0
2019-10-10,Lafayette (St. Joseph),0,Bishop LeBlond,2
2019-10-10,Bernie,2,Bloomfield,0
2019-10-10,Lee's Summit North,0,Blue Springs,2
2019-10-10,Savannah,0,Blue Springs South,2
2019-10-10,Marshall,2,Boonville,0
2019-10-10,Houston,2,Bourbon,0
2019-10-10,Montgomery County,2,Bowling Green,0
2019-10-10,Cabool,2,Bradleyville,0
2019-10-10,Warsaw,0,Buffalo,2
2019-10-10,South Iron,2,Bunker,0
2019-10-10,El Dorado Springs,2,Butler,0
2019-10-10,Central (Springfield),0,Camdenton,2
2019-10-10,St. Pius X (Kansas City),2,Cameron,0
2019-10-10,Holcomb,0,Campbell,2
2019-10-10,Gateway Science Charter,2,Cardinal Ritter,1
2019-10-10,Collegiate School of Med-Bio Science,2,Carnahan,0
2019-10-10,Central (New Madrid County),2,Caruthersville,0
2019-10-10,McDonald County,1,Cassville,2
2019-10-10,East (Kansas City),2,Central (Kansas City),1
2019-10-10,Wright City,2,Centralia,1
2019-10-10,Summersville,2,Charleston,0
2019-10-10,Maplewood-Richmond Hts.,0,Clayton,2
2019-10-10,Versailles,0,Clinton,2
2019-10-10,Lincoln,0,Cole Camp,2
2019-10-10,Otterville,0,Cole Camp,2
2019-10-10,Ava,2,Conway,1
2019-10-10,Monett,2,Crane,1
2019-10-10,Wellington-Napoleon,1,Crest Ridge,2
2019-10-10,Valley Park,0,Crystal City,2
2019-10-10,Senath-Hornersville,0,Delta (Deering),2
2019-10-10,Affton,2,DeSoto,0
2019-10-10,Poplar Bluff,0,Dexter,2
2019-10-10,Miller,2,Diamond,0
2019-10-10,Osceola,2,Drexel,0
2019-10-10,Hogan Prep Academy Charter,0,Ewing Marion Kauffman,2
2019-10-10,Odessa,2,Excelsior Springs,0
2019-10-10,Central (Park Hills),2,Farmington,1
2019-10-10,Hickman,2,Father Tolton,0
2019-10-10,St. Joseph's Academy,2,Francis Howell,0
2019-10-10,North County,2,Fredericktown,1
2019-10-10,Troy Buchanan,2,Ft. Zumwalt South,0
2019-10-10,Liberty (Wentzville),0,Ft. Zumwalt West,2
2019-10-10,Kirksville,2,Fulton,0
2019-10-10,Everton,0,Golden City,2
2019-10-10,Kearney,2,Grain Valley,1
2019-10-10,Cuba,0,Grandview (Hillsboro),2
2019-10-10,La Monte,0,Green Ridge,2
2019-10-10,Tipton,0,Green Ridge,2
2019-10-10,Doniphan,2,Greenville,1
2019-10-10,Rock Bridge,1,Hannibal,2
2019-10-10,Warrensburg,0,Harrisonville,2
2019-10-10,Normandy Collaborative,0,Hazelwood East,2
2019-10-10,Kickapoo,2,Hillcrest,0
2019-10-10,Timberland,2,Holt,0
2019-10-10,Sheldon,0,Hume,2
2019-10-10,Chadwick,2,Hurley,0
2019-10-10,Cor Jesu Academy,0,Incarnate Word Academy,3
2019-10-10,University City,0,Jennings,2
2019-10-10,Central (Cape Girardeau),2,Kennett,1
2019-10-10,Holden,2,Knob Noster,1
2019-10-10,Northwest (Hughesville),0,La Monte,2
2019-10-10,Carrollton,0,Lafayette County,2
2019-10-10,Jasper,2,Lakeland,0
2019-10-10,Penney,0,Lathrop,2
2019-10-10,Central (St. Joseph),0,Lee's Summit,2
2019-10-10,Clearwater,0,Lesterville,2
2019-10-10,Park Hill South,2,Liberty,0
2019-10-10,Windsor,0,Lincoln,2
2019-10-10,Webster Groves,0,Lindbergh,2
2019-10-10,Pierce City,2,Lockwood,1
2019-10-10,St. Michael the Archangel,2,Lutheran (Kansas City),0
2019-10-10,Sikeston,2,Malden,0
2019-10-10,Sarcoxie,2,Marionville,0
2019-10-10,Benton,0,Maryville,2
2019-10-10,STEAM Academy,2,McCluer,0
2019-10-10,Waynesville,0,Metro,2
2019-10-10,Southern Boone,2,Mexico,0
2019-10-10,Lawson,2,Mid-Buchanan,0
2019-10-10,Adrian,2,Midway,0
2019-10-10,McKinley Classical Leadership,0,Miller Career Academy,2
2019-10-10,Winona,2,Mountain Grove,1
2019-10-10,East Newton,0,Nevada,2
2019-10-10,Union,2,New Haven,0
2019-10-10,McAuley Catholic,0,New Heights Christian,2
2019-10-10,Webb City,0,Nixa,2
2019-10-10,California,2,North Callaway,0
2019-10-10,Fort Osage,1,North Kansas City,2
2019-10-10,Nodaway-Holt,2,North Nodaway,0
2019-10-10,East Buchanan,2,North Platte,0
2019-10-10,Lincoln College Prep,2,Northeast (Kansas City),0
2019-10-10,Miami (Amoret),0,Northeast Vernon County,2
2019-10-10,Cristo Rey,0,Northland Christian,2
2019-10-10,Rockwood Summit,2,Northwest (Cedar Hill),0
2019-10-10,Tipton,2,Northwest (Hughesville),0
2019-10-10,Raymore-Peculiar,2,Notre Dame de Sion,0
2019-10-10,Pleasant Hill,0,Oak Grove,2
2019-10-10,Ruskin,0,Oak Park,2
2019-10-10,Hazelwood West,0,Orchard Farm,2
2019-10-10,Hallsville,2,Osage,0
2019-10-10,Windsor,1,Otterville,1
2019-10-10,St. James,1,Owensville,2
2019-10-10,Carl Junction,0,Ozark,2
2019-10-10,Hermann,2,Pacific,0
2019-10-10,Lee's Summit West,2,Park Hill,0
2019-10-10,Waynesville,0,Parkview,2
2019-10-10,Ft. Zumwalt North,2,Parkway North,0
2019-10-10,Eureka,2,Parkway West,0
2019-10-10,Jefferson (Festus),0,Perryville,2
2019-10-10,Willow Springs,2,Plato,0
2019-10-10,Sparta,0,Platte County,2
2019-10-10,West Platte,2,Plattsburg,0
2019-10-10,St. Clair,2,Puxico,0
2019-10-10,William Chrisman,2,Raytown,0
2019-10-10,Hollister,0,Reeds Spring,2
2019-10-10,Joplin,1,Republic,2
2019-10-10,Archie,2,Rich Hill,1
2019-10-10,Lexington,2,Richmond,0
2019-10-10,Gideon,2,Risco,0
2019-10-10,Lebanon,2,Rolla,0
2019-10-10,Duchesne,0,Springfield Catholic,2
2019-10-10,Dixon,0,Sarcoxie,2
2019-10-10,Chillicothe,0,Savannah,2
2019-10-10,Notre Dame (Cape Girardeau),0,Saxony Lutheran,0
2019-10-10,Lamar,0,Seneca,2
2019-10-10,Clever,1,Skyline,2
2019-10-10,Sacred Heart,2,Smithton,0
2019-10-10,Willard,2,Smithton,0
2019-10-10,Roosevelt,0,Soldan International Studies,2
2019-10-10,Purdy,0,Southwest (Washburn),2
2019-10-10,Logan-Rogersville,2,Springfield Catholic,0
2019-10-10,Orrick,1,St. Paul Lutheran (Concordia),2
2019-10-10,Festus,0,St. Pius X (Festus),2
2019-10-10,Potosi,0,Ste. Genevieve,2
2019-10-10,Sacred Heart,2,Willard,0
2019-10-10,Fair Grove,0,Winona,2
2019-10-10,St. Clair,0,Webb City,2
2019-10-10,Eminence,0,Wright City,2
2019-10-10,Transportation and Law,2,West Plains,0
2019-10-10,Verona,2,Thomas Jefferson Independent Day,0
2019-10-10,Staley,2,St. Charles,0
2019-10-10,Bismarck,0,Valley,2
2019-10-10,Lutheran South,2,Villa Duchesne,0
2019-10-10,Francis Howell Central,2,Washington,0
2019-10-10,Kingston,0,West County,2
2019-10-10,Glendale,2,West Plains,0
2019-10-10,Parkway Central,2,Westminster Christian Academy,0
2019-10-10,Carthage,2,Willard,1
2019-10-10,Grandview,0,Winnetonka,2
2019-10-10,Seneca,0,Woodland,2
2019-10-10,Advance,2,Zalma,0
2019-10-11,Bayless,2,Brentwood,0
2019-10-11,North Pemiscot,0,Campbell,2
2019-10-11,Bloomfield,2,Clarkton,0
2019-10-11,Calvary Lutheran,2,Cooter,0
2019-10-11,Hancock,0,Crossroads College Preparatory,2
2019-10-11,Valley,0,Ellington,2
2019-10-11,Winfield,1,Ft. Zumwalt North,2
2019-10-11,Puxico,0,Greenville,2
2019-10-11,Meadow Heights,2,Oran,0
2019-10-11,St. Joseph's Academy,2,Ozark,1
2019-10-11,Clayton,1,Pattonville,2
2019-10-11,Zalma,0,Richland (Essex),2
2019-10-11,Marquette,2,Seckman,0
2019-10-11,Oak Ridge,0,St. Paul Lutheran (Farmington),2
2019-10-11,St. Joseph's Academy,0,St. Teresa's Academy,2
2019-10-11,Ozark,0,St. Teresa's Academy,2
2019-10-11,Whitfield,0,Trinity Catholic,2
2019-10-11,Westminster Christian Academy,0,Visitation Academy,2
2019-10-11,Exeter,0,Wheaton,2
2019-10-12,Poplar Bluff,0,Advance,2
2019-10-12,Sikeston,0,Advance,2
2019-10-12,Ste. Genevieve,0,Advance,2
2019-10-12,Arcadia Valley,0,Advance,2
2019-10-12,Lindbergh,2,Advance,1
2019-10-12,Jackson,0,Advance,2
2019-10-12,Mehlville,0,Advance,2
2019-10-12,Lesterville,1,Arcadia Valley,1
2019-10-12,Nerinx Hall,2,Arcadia Valley,0
2019-10-12,Marionville,0,Ash Grove,2
2019-10-12,Crane,1,Ash Grove,2
2019-10-12,Conway,2,Ash Grove,1
2019-10-12,Niangua,0,Ash Grove,2
2019-10-12,Plato,0,Ash Grove,2
2019-10-12,Winona,0,Aurora,2
2019-10-12,Stockton,1,Aurora,1
2019-10-12,Willard,2,Aurora,0
2019-10-12,Logan-Rogersville,2,Aurora,0
2019-10-12,Webb City,2,Aurora,0
2019-10-12,New Heights Christian,2,Ballard,0
2019-10-12,Butler,2,Ballard,0
2019-10-12,El Dorado Springs,2,Ballard,0
2019-10-12,Eugene,2,Belle,0
2019-10-12,Bourbon,0,Belle,2
2019-10-12,Dixon,0,Belle,2
2019-10-12,Cameron,0,Benton,2
2019-10-12,Pembroke Hill,2,Bishop LeBlond,0
2019-10-12,Helias Catholic,2,Bolivar,0
2019-10-12,Owensville,2,Boonville,0
2019-10-12,Fulton,0,Boonville,2
2019-10-12,Calvary Lutheran,2,Boonville,0
2019-10-12,Linn,2,Bourbon,0
2019-10-12,Sarcoxie,0,Bourbon,2
2019-10-12,School of the Ozarks,1,Bradleyville,1
2019-10-12,Valley,1,Bunker,2
2019-10-12,South Iron,2,Bunker,0
2019-10-12,El Dorado Springs,2,Butler,0
2019-10-12,New Heights Christian,1,Butler,1
2019-10-12,Ewing Marion Kauffman,0,Butler,2
2019-10-12,Liberty (Mountain View),0,Cabool,2
2019-10-12,Salem,0,Cabool,2
2019-10-12,Wright City,0,Cabool,2
2019-10-12,Willow Springs,1,Cabool,1
2019-10-12,St. Charles,0,Cabool,2
2019-10-12,Licking,0,Cabool,2
2019-10-12,Bishop LeBlond,1,Cameron,1
2019-10-12,Pembroke Hill,1,Cameron,1
2019-10-12,Cooter,0,Campbell,2
2019-10-12,Fair Grove,2,Cassville,0
2019-10-12,Webb City,2,Cassville,0
2019-10-12,Logan-Rogersville,2,Cassville,0
2019-10-12,Linn,2,Centralia,0
2019-10-12,Sarcoxie,1,Centralia,1
2019-10-12,Bourbon,1,Centralia,1
2019-10-12,North Callaway,0,Centralia,2
2019-10-12,School of the Ozarks,2,Chadwick,1
2019-10-12,El Dorado Springs,2,Clinton,0
2019-10-12,Ewing Marion Kauffman,0,Clinton,2
2019-10-12,Thomas Jefferson Independent Day,0,Clinton,2
2019-10-12,Butler,2,Clinton,1
2019-10-12,New Heights Christian,2,Clinton,0
2019-10-12,Bolivar,1,Clinton,1
2019-10-12,Windsor,0,Cole Camp,2
2019-10-12,Willard,0,Cole Camp,2
2019-10-12,Green Ridge,2,Cole Camp,1
2019-10-12,Lincoln,0,Cole Camp,2
2019-10-12,Wellington-Napoleon,2,Concordia,0
2019-10-12,Lone Jack,0,Concordia,2
2019-10-12,Everton,0,Conway,2
2019-10-12,Pleasant Hope,1,Conway,2
2019-10-12,Crane,1,Conway,1
2019-10-12,Zalma,2,Cooter,0
2019-10-12,Pleasant Hope,1,Crane,2
2019-10-12,Union,1,Crane,2
2019-10-12,St. Paul Lutheran (Concordia),0,Crest Ridge,2
2019-10-12,Concordia,1,Crest Ridge,1
2019-10-12,Lone Jack,0,Crest Ridge,2
2019-10-12,Orrick,0,Crest Ridge,2
2019-10-12,Santa Fe,2,Crest Ridge,0
2019-10-12,Kingston,0,Crystal City,2
2019-10-12,West County,2,Crystal City,0
2019-10-12,Bunker,2,Crystal City,0
2019-10-12,Warrenton,1,Cuba,1
2019-10-12,Orchard Farm,2,Cuba,0
2019-10-12,Conway,2,Diamond,0
2019-10-12,Plato,1,Diamond,1
2019-10-12,Eugene,2,Dixon,0
2019-10-12,West Platte,2,Drexel,0
2019-10-12,Sherwood,1,Drexel,1
2019-10-12,Lakeland,0,Drexel,2
2019-10-12,Thomas Jefferson Independent Day,0,El Dorado Springs,2
2019-10-12,Ewing Marion Kauffman,0,El Dorado Springs,2
2019-10-12,New Heights Christian,0,El Dorado Springs,2
2019-10-12,Capital City,0,Eldon,2
2019-10-12,Calvary Lutheran,0,Eldon,2
2019-10-12,Licking,2,Eminence,0
2019-10-12,Houston,1,Eminence,1
2019-10-12,Linn,1,Eugene,2
2019-10-12,Crane,2,Everton,0
2019-10-12,Plato,2,Everton,0
2019-10-12,Stockton,2,Fair Grove,1
2019-10-12,Lebanon,2,Fatima,0
2019-10-12,Hannibal,1,Ft. Zumwalt West,2
2019-10-12,Eldon,2,Fulton,0
2019-10-12,Calvary Lutheran,2,Fulton,0
2019-10-12,Fatima,1,Glendale,1
2019-10-12,Jefferson City,2,Glendale,0
2019-10-12,Marshfield,2,Glendale,0
2019-10-12,Hermann,2,Glendale,0
2019-10-12,Marionville,2,Golden City,1
2019-10-12,Union,2,Golden City,0
2019-10-12,Niangua,2,Golden City,0
2019-10-12,Pleasant Hope,2,Golden City,0
2019-10-12,Orchard Farm,2,Grandview,0
2019-10-12,Pacific,2,Grandview (Hillsboro),0
2019-10-12,St. James,1,Grandview (Hillsboro),1
2019-10-12,Orchard Farm,2,Grandview (Hillsboro),0
2019-10-12,Sacred Heart,2,Green Ridge,0
2019-10-12,Northwest (Hughesville),0,Green Ridge,2
2019-10-12,Everton,0,Greenfield,2
2019-10-12,Pleasant Hope,2,Greenfield,0
2019-10-12,Crane,2,Greenfield,0
2019-10-12,Conway,1,Greenfield,1
2019-10-12,Diamond,1,Greenfield,2
2019-10-12,Union,1,Greenfield,2
2019-10-12,Ritenour,2,Hazelwood East,0
2019-10-12,Jennings,2,Hazelwood East,0
2019-10-12,McCluer,0,Hazelwood East,2
2019-10-12,Cardinal Ritter,0,Hazelwood East,2
2019-10-12,Cooter,0,Hazelwood West,2
2019-10-12,Valley,2,Herculaneum,0
2019-10-12,Marquand-Zion,0,Herculaneum,2
2019-10-12,South Iron,2,Herculaneum,0
2019-10-12,Hickman,0,Hermann,2
2019-10-12,Lebanon,0,Hermann,2
2019-10-12,Jefferson City,0,Hermann,2
2019-10-12,Marshfield,1,Hermann,2
2019-10-12,Lebanon,2,Hickman,0
2019-10-12,Marshfield,2,Hickman,0
2019-10-12,Owensville,1,Hillcrest,1
2019-10-12,Eldon,2,Hillcrest,0
2019-10-12,Capital City,1,Hillcrest,1
2019-10-12,Calvary Lutheran,2,Hillcrest,0
2019-10-12,Lakeland,0,Holden,2
2019-10-12,Northland Christian,0,Holden,2
2019-10-12,Sherwood,2,Holden,1
2019-10-12,Licking,2,Houston,0
2019-10-12,School of the Ozarks,2,Hurley,0
2019-10-12,Lesterville,0,Jackson,2
2019-10-12,Nerinx Hall,0,Jackson,2
2019-10-12,Lindbergh,2,Jackson,0
2019-10-12,North County,0,Jackson,2
2019-10-12,Mehlville,0,Jackson,2
2019-10-12,Fatima,0,Jefferson City,2
2019-10-12,Marshfield,1,Jefferson City,1
2019-10-12,Lebanon,0,Jefferson City,2
2019-10-12,Ritenour,2,Jennings,0
2019-10-12,Cardinal Ritter,0,Jennings,2
2019-10-12,Crossroads College Preparatory,2,Jennings,0
2019-10-12,Valley,2,Kingston,0
2019-10-12,Marquand-Zion,0,Kingston,2
2019-10-12,West Platte,2,Knob Noster,0
2019-10-12,Drexel,0,Knob Noster,2
2019-10-12,Sherwood,2,Knob Noster,0
2019-10-12,Tipton,1,La Monte,1
2019-10-12,Otterville,1,La Monte,2
2019-10-12,Benton,2,Lafayette (St. Joseph),0
2019-10-12,Maryville,2,Lafayette (St. Joseph),0
2019-10-12,Cameron,2,Lafayette (St. Joseph),1
2019-10-12,Northland Christian,2,Lakeland,0
2019-10-12,Nerinx Hall,1,Lesterville,1
2019-10-12,Willow Springs,1,Liberty (Mountain View),1
2019-10-12,Wright City,0,Liberty (Mountain View),2
2019-10-12,Licking,2,Liberty (Mountain View),0
2019-10-12,Otterville,0,Lincoln,2
2019-10-12,Sacred Heart,2,Lincoln,0
2019-10-12,Tipton,0,Lincoln,2
2019-10-12,Cameron,1,Lincoln College Prep,1
2019-10-12,Bishop LeBlond,2,Lincoln College Prep,0
2019-10-12,Pembroke Hill,2,Lincoln College Prep,0
2019-10-12,Benton,2,Lincoln College Prep,0
2019-10-12,Lesterville,0,Lindbergh,2
2019-10-12,Ste. Genevieve,0,Lindbergh,2
2019-10-12,Arcadia Valley,0,Lindbergh,2
2019-10-12,North County,0,Lindbergh,2
2019-10-12,Nerinx Hall,0,Lindbergh,2
2019-10-12,Sarcoxie,0,Linn,2
2019-10-12,Webb City,0,Logan-Rogersville,2
2019-10-12,Fair Grove,0,Logan-Rogersville,2
2019-10-12,Willard,0,Logan-Rogersville,2
2019-10-12,St. Paul Lutheran (Concordia),2,Lone Jack,0
2019-10-12,Plato,1,Marionville,1
2019-10-12,West County,2,Marquand-Zion,0
2019-10-12,Fatima,1,Marshfield,1
2019-10-12,Lebanon,0,Marshfield,2
2019-10-12,Benton,1,Maryville,1
2019-10-12,Bishop LeBlond,1,Maryville,2
2019-10-12,Pembroke Hill,1,Maryville,2
2019-10-12,University City,1,McCluer,1
2019-10-12,Crossroads College Preparatory,2,McCluer,0
2019-10-12,Metro,2,McCluer,0
2019-10-12,Metro,2,McCluer North,0
2019-10-12,Poplar Bluff,0,Mehlville,2
2019-10-12,Sikeston,0,Mehlville,2
2019-10-12,Perryville,1,Mehlville,1
2019-10-12,Ritenour,2,Metro,0
2019-10-12,University City,0,Metro,2
2019-10-12,Crossroads College Preparatory,2,Metro,0
2019-10-12,Pleasant Hope,2,Niangua,0
2019-10-12,Union,2,Niangua,0
2019-10-12,School of the Ozarks,2,Niangua,0
2019-10-12,Eugene,2,North Callaway,0
2019-10-12,Belle,2,North Callaway,0
2019-10-12,Dixon,1,North Callaway,1
2019-10-12,Poplar Bluff,2,North County,1
2019-10-12,Arcadia Valley,2,North County,0
2019-10-12,Nerinx Hall,2,North County,0
2019-10-12,South Harrison,0,North Platte,2
2019-10-12,Otterville,2,Northwest (Hughesville),0
2019-10-12,Pacific,1,Orchard Farm,1
2019-10-12,St. Paul Lutheran (Concordia),2,Orrick,0
2019-10-12,Wellington-Napoleon,2,Orrick,0
2019-10-12,Santa Fe,2,Orrick,0
2019-10-12,Smithton,2,Otterville,0
2019-10-12,Capital City,0,Owensville,2
2019-10-12,Eldon,1,Owensville,1
2019-10-12,Ste. Genevieve,0,Perryville,2
2019-10-12,Nerinx Hall,2,Perryville,0
2019-10-12,Union,0,Pleasant Hope,2
2019-10-12,Perryville,2,Poplar Bluff,0
2019-10-12,Ste. Genevieve,1,Poplar Bluff,1
2019-10-12,Lesterville,2,Poplar Bluff,0
2019-10-12,Cardinal Ritter,0,Ritenour,2
2019-10-12,Crossroads College Preparatory,1,Ritenour,2
2019-10-12,Visitation Academy,3,Rock Bridge,0
2019-10-12,Liberty (Mountain View),2,Salem,0
2019-10-12,Wright City,2,Salem,0
2019-10-12,Willow Springs,2,Salem,0
2019-10-12,St. Paul Lutheran (Concordia),0,Santa Fe,2
2019-10-12,Wellington-Napoleon,1,Santa Fe,1
2019-10-12,West Platte,2,Sherwood,0
2019-10-12,Perryville,2,Sikeston,0
2019-10-12,Ste. Genevieve,2,Sikeston,0
2019-10-12,Lesterville,2,Sikeston,0
2019-10-12,Windsor,0,Smithton,2
2019-10-12,West County,2,South Iron,1
2019-10-12,Eldon,2,Southern Boone,0
2019-10-12,Owensville,0,Southern Boone,2
2019-10-12,Capital City,0,Southern Boone,2
2019-10-12,Calvary Lutheran,0,Southern Boone,2
2019-10-12,Boonville,0,Southern Boone,2
2019-10-12,Fulton,0,Southern Boone,2
2019-10-12,Houston,1,St. Charles,1
2019-10-12,Eminence,1,St. Charles,1
2019-10-12,Licking,2,St. Charles,0
2019-10-12,Warsaw,0,St. Charles,2
2019-10-12,Liberty (Mountain View),2,St. Charles,0
2019-10-12,Warrenton,0,St. Clair,2
2019-10-12,Union,0,St. Clair,2
2019-10-12,Cuba,0,St. Clair,2
2019-10-12,Pacific,0,St. Clair,2
2019-10-12,Warrenton,2,St. James,0
2019-10-12,Orchard Farm,1,St. James,1
2019-10-12,Pacific,1,St. James,1
2019-10-12,Licking,2,Warsaw,0
2019-10-12,Eminence,0,Warsaw,2
2019-10-12,Houston,0,Warsaw,2
2019-10-12,Winona,0,Stockton,2
2019-10-12,Tipton,0,Willard,2
2019-10-12,Willow Springs,1,Wright City,1
2019-10-12,Ewing Marion Kauffman,0,Thomas Jefferson Independent Day,2
2019-10-12,New Heights Christian,2,Thomas Jefferson Independent Day,0
2019-10-12,Warrenton,2,Union,0
2019-10-12,Cuba,1,Union,1
2019-10-12,Hazelwood East,2,University City,0
2019-10-12,Crossroads College Preparatory,2,University City,0
2019-10-12,Cardinal Ritter,1,University City,2
2019-10-12,Bolivar,2,Warrensburg,1
2019-10-12,Fair Grove,0,Webb City,2
2019-10-12,Willard,2,Webb City,0
2019-10-12,St. Paul Lutheran (Concordia),2,Wellington-Napoleon,0
2019-10-12,Northland Christian,0,West Platte,2
2019-10-12,Stockton,0,Willard,2
2019-10-14,Puxico,0,Advance,2
2019-10-14,Miami (Amoret),0,Ballard,2
2019-10-14,Sheldon,2,Ballard,0
2019-10-14,Woodland,2,Bell City,0
2019-10-14,St. James,2,Belle,0
2019-10-14,Bloomfield,1,Bernie,2
2019-10-14,Blue Eye,1,Billings,2
2019-10-14,Notre Dame (St. Louis),2,Bishop DuBourg,0
2019-10-14,Osage,2,Bolivar,1
2019-10-14,Knob Noster,2,Carrollton,0
2019-10-14,Portageville,0,Caruthersville,2
2019-10-14,Savannah,2,Center,0
2019-10-14,Bowling Green,1,Centralia,2
2019-10-14,Spokane,2,Chadwick,0
2019-10-14,North Callaway,1,Chamois,2
2019-10-14,Penney,1,Chillicothe,2
2019-10-14,Hazelwood Central,0,Clayton,2
2019-10-14,St. Paul Lutheran (Concordia),2,Cole Camp,0
2019-10-14,Windsor,0,Concordia,2
2019-10-14,Central (Kansas City),0,Cristo Rey,3
2019-10-14,Richland (Essex),0,Dexter,2
2019-10-14,Houston,2,Dixon,0
2019-10-14,Troy Buchanan,2,Duchesne,0
2019-10-14,Ruskin,1,East (Kansas City),2
2019-10-14,Warsaw,0,El Dorado Springs,2
2019-10-14,Tipton,0,Eldon,2
2019-10-14,Eminence,2,Ellington,0
2019-10-14,Sarcoxie,0,Eugene,2
2019-10-14,Central (Cape Girardeau),1,Farmington,2
2019-10-14,Ritenour,2,Ft. Zumwalt East,0
2019-10-14,Bayless,2,Gateway Science Charter,0
2019-10-14,Verona,0,Greenfield,2
2019-10-14,Bunker,2,Greenville,0
2019-10-14,Montgomery County,1,Hallsville,2
2019-10-14,DeSoto,2,Hancock,0
2019-10-14,Hermann,2,Helias Catholic,1
2019-10-14,Grandview (Hillsboro),2,Herculaneum,1
2019-10-14,Southeast,2,Hogan Prep Academy Charter,1
2019-10-14,Lafayette County,1,Holden,2
2019-10-14,Ursuline Academy,0,Jackson,2
2019-10-14,Hazelwood East,2,Jennings,0
2019-10-14,St. Clair,0,Kennett,2
2019-10-14,Francis Howell,2,Kirkwood,0
2019-10-14,Savannah,1,Lafayette (St. Joseph),2
2019-10-14,Parkway West,0,Lafayette (Wildwood),2
2019-10-14,Wellington-Napoleon,2,Lathrop,0
2019-10-14,Oak Ridge,0,Leopold,2
2019-10-14,Trenton,0,Lexington,2
2019-10-14,Golden City,0,Liberal,2
2019-10-14,Licking,0,Liberty (Mountain View),2
2019-10-14,St. Charles,0,Liberty (Wentzville),2
2019-10-14,Marquette,2,Lindbergh,0
2019-10-14,New Haven,2,Linn,1
2019-10-14,North Technical,0,Maplewood-Richmond Hts.,2
2019-10-14,Forsyth,2,Marionville,0
2019-10-14,Mountain Grove,0,Marshfield,2
2019-10-14,Warrenton,2,Mexico,0
2019-10-14,Sheldon,2,Miami (Amoret),0
2019-10-14,Lamar,1,Neosho,2
2019-10-14,Incarnate Word Academy,2,Nerinx Hall,1
2019-10-14,Lesterville,2,North County,1
2019-10-14,Pattonville,1,Northwest (Cedar Hill),2
2019-10-14,Park Hill South,2,Oak Park,0
2019-10-14,Oak Grove,0,Odessa,2
2019-10-14,Blair Oaks,2,Owensville,0
2019-10-14,Monett,0,Parkview,2
2019-10-14,Salem,0,Plato,2
2019-10-14,Crossroads College Preparatory,2,Principia,0
2019-10-14,Central (Springfield),1,Republic,2
2019-10-14,Cameron,2,Richmond,0
2019-10-14,Windsor (Imperial),0,Seckman,2
2019-10-14,Butler,2,Sherwood,1
2019-10-14,Central (New Madrid County),0,Sikeston,2
2019-10-14,Lakeland,0,Skyline,2
2019-10-14,Crane,0,Springfield Catholic,2
2019-10-14,Cardinal Ritter,0,St. Dominic,2
2019-10-14,Lutheran St. Charles,0,St. Joseph's Academy,2
2019-10-14,Maryville,2,St. Michael the Archangel,1
2019-10-14,Warrensburg,0,St. Pius X (Kansas City),2
2019-10-14,Valle Catholic,2,Ste. Genevieve,0
2019-10-14,Lift for Life Academy Charter,0,STEAM Academy,2
2019-10-14,Cuba,0,Warsaw,2
2019-10-14,Osceola,0,Stockton,2
2019-10-14,Buffalo,0,Winona,2
2019-10-14,Lutheran (Kansas City),0,Summit Christian Academy,2
2019-10-14,Doniphan,2,Thayer,0
2019-10-14,Hazelwood West,0,Trinity Catholic,2
2019-10-14,Raytown,0,St. Charles,2
2019-10-14,McCluer,2,University City,1
2019-10-14,South Iron,2,Valley,0
2019-10-14,Southern Boone,2,Versailles,0
2019-10-14,Crystal City,1,West County,2
2019-10-14,John Burroughs,0,Whitfield,2
2019-10-14,Winfield,2,Wright City,0
2019-10-14,St. Paul Lutheran (Farmington),2,Zalma,0
2019-10-15,Richland (Essex),2,Bell City,0
2019-10-15,West County,2,Bismarck,0
2019-10-15,Puxico,0,Bloomfield,2
2019-10-15,Warsaw,2,Bourbon,1
2019-10-15,North Callaway,0,Bowling Green,2
2019-10-15,Carthage,0,Branson,2
2019-10-15,Mexico,2,Brookfield,0
2019-10-15,Bolivar,2,Buffalo,1
2019-10-15,Waynesville,0,Camdenton,2
2019-10-15,Portageville,0,Caruthersville,2
2019-10-15,Campbell,2,Caruthersville,0
2019-10-15,Notre Dame (Cape Girardeau),2,Central (Cape Girardeau),0
2019-10-15,Seneca,1,Central (New Madrid County),2
2019-10-15,Potosi,0,Central (Park Hills),2
2019-10-15,Kickapoo,2,Central (Springfield),0
2019-10-15,Liberty,2,Central (St. Joseph),0
2019-10-15,Everton,0,Chadwick,2
2019-10-15,Delta (Deering),0,Clarkton,2
2019-10-15,St. Clair,0,Clearwater,2
2019-10-15,Stockton,1,Clever,2
2019-10-15,Gideon,2,Cooter,0
2019-10-15,Kirkwood,0,Cor Jesu Academy,2
2019-10-15,Linn,0,Cuba,2
2019-10-15,Conway,2,Dixon,0
2019-10-15,Lakeland,0,Drexel,2
2019-10-15,Plattsburg,0,East Buchanan,2
2019-10-15,Seneca,2,East Newton,0
2019-10-15,Winona,2,El Dorado Springs,0
2019-10-15,Capital City,0,Eldon,2
2019-10-15,Lindbergh,2,Eureka,0
2019-10-15,McAuley Catholic,2,Exeter,0
2019-10-15,California,0,Fatima,2
2019-10-15,Bradleyville,0,Forsyth,2
2019-10-15,Belton,0,Fort Osage,2
2019-10-15,Francis Howell North,0,Francis Howell,2
2019-10-15,Holt,0,Francis Howell Central,2
2019-10-15,Washington,2,Ft. Zumwalt East,0
2019-10-15,Timberland,2,Ft. Zumwalt South,1
2019-10-15,Troy Buchanan,2,Ft. Zumwalt West,0
2019-10-15,Wheaton,1,Golden City,1
2019-10-15,Raytown South,2,Grandview,0
2019-10-15,St. Paul Lutheran (Farmington),1,Grandview (Hillsboro),2
2019-10-15,Smithton,0,Green Ridge,2
2019-10-15,Fulton,1,Hallsville,2
2019-10-15,Bayless,2,Hancock,1
2019-10-15,Malden,2,Hayti,0
2019-10-15,Clayton,2,Hazelwood West,0
2019-10-15,New Haven,0,Hermann,2
2019-10-15,Rolla,2,Hillcrest,0
2019-10-15,Jefferson (Festus),0,Hillsboro,2
2019-10-15,Southland,0,Holcomb,2
2019-10-15,Lexington,0,Holden,2
2019-10-15,Springfield Catholic,2,Hollister,1
2019-10-15,Willow Springs,1,Houston,2
2019-10-15,Northeast Vernon County,0,Hume,2
2019-10-15,Galena,2,Hurley,1
2019-10-15,Rich Hill,0,Jasper,2
2019-10-15,Helias Catholic,0,Jefferson City,2
2019-10-15,Carl Junction,2,Joplin,0
2019-10-15,Winnetonka,1,Kearney,2
2019-10-15,Centralia,0,Kirksville,2
2019-10-15,Richmond,0,Lafayette County,2
2019-10-15,Nevada,2,Lamar,0
2019-10-15,Lathrop,0,Lawson,2
2019-10-15,Glendale,1,Lebanon,2
2019-10-15,Notre Dame de Sion,0,Lee's Summit North,2
2019-10-15,Blue Springs,0,Lee's Summit West,2
2019-10-15,Mountain Grove,0,Liberty (Mountain View),2
2019-10-15,Ft. Zumwalt North,0,Liberty (Wentzville),2
2019-10-15,Otterville,0,Lincoln,2
2019-10-15,Reeds Spring,0,Logan-Rogersville,2
2019-10-15,Crest Ridge,2,Lone Jack,0
2019-10-15,Lutheran North,0,Lutheran South,2
2019-10-15,Veritas Christian Academy,2,Lutheran St. Charles,1
2019-10-15,Crossroads College Preparatory,1,Maplewood-Richmond Hts.,2
2019-10-15,Ash Grove,2,Marionville,0
2019-10-15,Oak Ridge,2,Marquand-Zion,0
2019-10-15,Webster Groves,0,Marquette,2
2019-10-15,Fox,2,McCluer North,0
2019-10-15,Saxony Lutheran,0,Meadow Heights,2
2019-10-15,Westminster Christian Academy,2,MICDS,0
2019-10-15,North Platte,1,Mid-Buchanan,2
2019-10-15,Liberal,1,Midway,3
2019-10-15,Lockwood,0,Miller,2
2019-10-15,Cassville,1,Monett,2
2019-10-15,Calvary Lutheran,2,Montgomery County,0
2019-10-15,Aurora,0,Mt. Vernon,2
2019-10-15,Rock Port,2,Nodaway-Holt,0
2019-10-15,Farmington,1,North County,2
2019-10-15,Risco,2,North Pemiscot,0
2019-10-15,Cristo Rey,1,Northeast (Kansas City),2
2019-10-15,Benton,2,Northland Christian,0
2019-10-15,Excelsior Springs,1,Oak Grove,2
2019-10-15,Northwest (Cedar Hill),0,Oakville,2
2019-10-15,Charleston,0,Oran,2
2019-10-15,Archie,2,Osceola,0
2019-10-15,Willard,2,Ozark,0
2019-10-15,Liberty North,1,Park Hill South,2
2019-10-15,West Plains,0,Parkview,2
2019-10-15,Mehlville,2,Parkway North,0
2019-10-15,Parkway Central,0,Parkway South,2
2019-10-15,Lincoln College Prep,1,Pembroke Hill,2
2019-10-15,West Platte,2,Penney,0
2019-10-15,Harrisonville,0,Pleasant Hill,2
2019-10-15,Diamond,0,Pleasant Hope,2
2019-10-15,New Heights Christian,2,Purdy,0
2019-10-15,Blue Springs South,2,Raymore-Peculiar,1
2019-10-15,Nixa,2,Republic,0
2019-10-15,North Technical,0,Riverview Gardens,2
2019-10-15,Ladue Horton Watkins,0,Rockwood Summit,2
2019-10-15,Raytown,2,Ruskin,0
2019-10-15,La Monte,0,Sacred Heart,2
2019-10-15,Ava,2,Salem,0
2019-10-15,Pierce City,2,Sarcoxie,0
2019-10-15,Billings,2,School of the Ozarks,0
2019-10-15,Summersville,0,Senath-Hornersville,2
2019-10-15,Kennett,2,Sikeston,1
2019-10-15,Clinton,2,Savannah,1
2019-10-15,Grain Valley,2,Sparta,0
2019-10-15,St. Joseph Christian,2,South Harrison,0
2019-10-15,Ewing Marion Kauffman,2,Southeast,0
2019-10-15,Fordland,0,Spokane,2
2019-10-15,Warrenton,0,St. Charles,2
2019-10-15,Orchard Farm,1,St. Charles West,2
2019-10-15,Owensville,0,St. Clair,2
2019-10-15,Incarnate Word Academy,1,St. Dominic,2
2019-10-15,Father Tolton,0,St. Joseph's Academy,2
2019-10-15,Wellington-Napoleon,2,St. Paul Lutheran (Concordia),0
2019-10-15,Crystal City,0,St. Pius X (Festus),2
2019-10-15,Festus,2,St. Vincent,0
2019-10-15,Lee's Summit,2,Staley,0
2019-10-15,Fredericktown,1,Ste. Genevieve,2
2019-10-15,Cole Camp,2,Willard,0
2019-10-15,Cabool,0,Thayer,0
2019-10-15,Bronaugh,0,Thomas Jefferson Independent Day,2
2019-10-15,Bishop LeBlond,2,Trenton,0
2019-10-15,Pacific,2,Union,1
2019-10-15,STEAM Academy,2,University City,0
2019-10-15,Valley,0,Valle Catholic,2
2019-10-15,Brentwood,2,Valley Park,1
2019-10-15,Boonville,0,Versailles,2
2019-10-15,Lesterville,2,Viburnum,0
2019-10-15,St. Joseph's Academy,2,Villa Duchesne,0
2019-10-15,Sherwood,2,Warsaw,0
2019-10-15,Neosho,0,Webb City,2
2019-10-15,North Kansas City,2,William Chrisman,0
2019-10-15,Tipton,2,Windsor,0
2019-10-15,Poplar Bluff,2,Winona,0
2019-10-16,Fox,1,Affton,2
2019-10-16,Campbell,2,Caruthersville,0
2019-10-16,St. Charles West,0,Duchesne,2
2019-10-16,Blue Eye,2,Galena,0
2019-10-16,Seckman,2,Hazelwood Central,0
2019-10-16,Seneca,0,Jackson,2
2019-10-16,Maplewood-Richmond Hts.,2,Jennings,0
2019-10-16,Normandy Collaborative,0,John Burroughs,2
2019-10-16,Hillsboro,0,Lindbergh,2
2019-10-16,Orrick,1,Lone Jack,2
2019-10-16,Senath-Hornersville,0,Malden,2
2019-10-16,Hogan Prep Academy Charter,0,Mid-Buchanan,2
2019-10-16,Visitation Academy,0,Nerinx Hall,2
2019-10-16,Mehlville,0,Oakville,2
2019-10-16,Parkway West,2,Parkway South,0
2019-10-16,St. Vincent,0,Perryville,2
2019-10-16,Pattonville,2,Ritenour,0
2019-10-16,Battle,0,Rock Bridge,2
2019-10-16,Metro,0,Springfield Catholic,2
2019-10-16,Kingston,0,St. Paul Lutheran (Farmington),2
2019-10-16,McCluer North,1,Trinity Catholic,2
2019-10-16,Parkway North,0,Troy Buchanan,2
2019-10-16,Raytown,2,Versailles,1
2019-10-16,St. Pius X (Festus),1,Villa Duchesne,2
2019-10-16,Odessa,2,Warrensburg,0
2019-10-16,Brentwood,0,Whitfield,2
2019-10-16,Potosi,0,Windsor (Imperial),2
2019-10-17,Jasper,0,Adrian,2
2019-10-17,Bernie,0,Advance,2
2019-10-17,Drexel,0,Archie,2
2019-10-17,Reeds Spring,2,Aurora,1
2019-10-17,Notre Dame de Sion,0,Barstow,2
2019-10-17,Lafayette (St. Joseph),0,Benton,2
2019-10-17,Spokane,0,Billings,2
2019-10-17,Cameron,0,Bishop LeBlond,2
2019-10-17,Clearwater,2,Bismarck,0
2019-10-17,Park Hill,0,Blue Springs,2
2019-10-17,Lee's Summit North,1,Blue Springs South,2
2019-10-17,Savannah,2,Boonville,1
2019-10-17,Viburnum,1,Bunker,1
2019-10-17,Ava,0,Cabool,2
2019-10-17,Osage,0,California,3
2019-10-17,Lebanon,0,Camdenton,2
2019-10-17,Branson,2,Carl Junction,0
2019-10-17,Ozark,2,Carthage,0
2019-10-17,Nevada,2,Cassville,0
2019-10-17,Staley,2,Central (St. Joseph),0
2019-10-17,Ballard,0,Chilhowee,2
2019-10-17,Holcomb,0,Clarkton,2
2019-10-17,Butler,2,Clinton,3
2019-10-17,Northwest (Hughesville),0,Cole Camp,2
2019-10-17,Gateway Science Charter,2,Collegiate School of Med-Bio Science,0
2019-10-17,Union,0,Crane,2
2019-10-17,St. Paul Lutheran (Concordia),2,Crest Ridge,1
2019-10-17,Woodland,0,Dexter,2
2019-10-17,Sarcoxie,2,Diamond,0
2019-10-17,Bourbon,2,Dixon,0
2019-10-17,Ellington,2,Doniphan,0
2019-10-17,Bishop DuBourg,0,Duchesne,2
2019-10-17,Lathrop,0,East Buchanan,2
2019-10-17,Warsaw,0,Eldon,2
2019-10-17,Poplar Bluff,2,Eminence,0
2019-10-17,Bradleyville,2,Everton,0
2019-10-17,Sarcoxie,0,Fatima,2
2019-10-17,Clever,2,Forsyth,0
2019-10-17,William Chrisman,1,Fort Osage,2
2019-10-17,Ft. Zumwalt North,0,Francis Howell North,3
2019-10-17,Winfield,2,Ft. Zumwalt East,0
2019-10-17,Holt,1,Ft. Zumwalt South,2
2019-10-17,Hannibal,2,Fulton,0
2019-10-17,Southwest (Washburn),0,Galena,2
2019-10-17,Risco,0,Gideon,2
2019-10-17,Platte County,2,Grain Valley,0
2019-10-17,Center,0,Grandview,2
2019-10-17,Lincoln,2,Green Ridge,1
2019-10-17,Excelsior Springs,2,Harrisonville,1
2019-10-17,University City,1,Hazelwood East,2
2019-10-17,Valley Park,0,Herculaneum,2
2019-10-17,St. Clair,0,Hermann,2
2019-10-17,Jefferson City,3,Hickman,0
2019-10-17,Lutheran South,0,Incarnate Word Academy,2
2019-10-17,DeSoto,0,Jefferson (Festus),2
2019-10-17,Riverview Gardens,2,Jennings,0
2019-10-17,Willard,2,Joplin,0
2019-10-17,Glendale,0,Kickapoo,2
2019-10-17,Osceola,2,Lakeland,0
2019-10-17,Lee's Summit,0,Lee's Summit West,2
2019-10-17,Leopold,2,Lesterville,0
2019-10-17,Knob Noster,1,Lexington,2
2019-10-17,Liberty,2,Liberty North,1
2019-10-17,Capital City,0,Licking,2
2019-10-17,Ash Grove,2,Lockwood,0
2019-10-17,Fair Grove,0,Logan-Rogersville,2
2019-10-17,Brentwood,2,Lutheran North,0
2019-10-17,Campbell,2,Malden,0
2019-10-17,Meadow Heights,2,Marquand-Zion,0
2019-10-17,Oak Ridge,2,Marquand-Zion,0
2019-10-17,Zalma,2,Marquand-Zion,0
2019-10-17,Springfield Catholic,1,Marshfield,2
2019-10-17,Chillicothe,0,Maryville,2
2019-10-17,Lamar,2,McAuley Catholic,0
2019-10-17,McCluer,0,McCluer North,2
2019-10-17,Seneca,2,McDonald County,1
2019-10-17,Zalma,0,Meadow Heights,2
2019-10-17,Oak Ridge,0,Meadow Heights,2
2019-10-17,Marshall,1,Mexico,0
2019-10-17,Hume,2,Miami (Amoret),0
2019-10-17,Trinity Catholic,2,MICDS,1
2019-10-17,Pleasant Hope,0,Miller,2
2019-10-17,East Newton,0,Monett,2
2019-10-17,Hollister,0,Mt. Vernon,2
2019-10-17,Nixa,2,Neosho,0
2019-10-17,Wheaton,0,New Heights Christian,2
2019-10-17,STEAM Academy,2,Normandy Collaborative,0
2019-10-17,Windsor (Imperial),0,North County,2
2019-10-17,Ruskin,0,North Kansas City,2
2019-10-17,Plattsburg,0,North Platte,2
2019-10-17,Lift for Life Academy Charter,2,North Technical,1
2019-10-17,Bronaugh,0,Northeast Vernon County,2
2019-10-17,St. Joseph Christian,2,Northland Christian,0
2019-10-17,Festus,1,Notre Dame (Cape Girardeau),2
2019-10-17,Lutheran St. Charles,2,Notre Dame (St. Louis),0
2019-10-17,Belton,2,Oak Park,0
2019-10-17,Zalma,0,Oak Ridge,2
2019-10-17,Pacific,2,Owensville,0
2019-10-17,Central (Springfield),0,Parkview,2
2019-10-17,Pattonville,0,Parkway Central,2
2019-10-17,Raymore-Peculiar,2,Pembroke Hill,0
2019-10-17,Mid-Buchanan,2,Penney,0
2019-10-17,Marionville,0,Pierce City,2
2019-10-17,Belle,2,Plato,1
2019-10-17,Valle Catholic,2,Potosi,0
2019-10-17,Confluence Prep Academy Charter,0,Principia,2
2019-10-17,Blue Eye,2,Purdy,0
2019-10-17,Kearney,2,Raytown South,0
2019-10-17,Liberal,0,Rich Hill,2
2019-10-17,Carrollton,0,Richmond,2
2019-10-17,Blair Oaks,1,Rock Bridge,2
2019-10-17,St. James,0,Rock Port,2
2019-10-17,Waynesville,0,Rolla,2
2019-10-17,Concordia,1,Santa Fe,2
2019-10-17,Central (Park Hills),2,Saxony Lutheran,0
2019-10-17,Ladue Horton Watkins,0,Seckman,2
2019-10-17,Winona,2,Skyline,0
2019-10-17,Hallsville,0,Southern Boone,2
2019-10-17,St. Dominic,0,St. Joseph's Academy,2
2019-10-17,Ursuline Academy,0,St. Pius X (Festus),2
2019-10-17,Savannah,2,St. Pius X (Kansas City),1
2019-10-17,Jackson,0,Ste. Genevieve,2
2019-10-17,El Dorado Springs,2,Stockton,1
2019-10-17,Smithton,0,Willard,2
2019-10-17,New Haven,0,Webb City,2
2019-10-17,Winona,2,Wright City,0
2019-10-17,Oak Grove,1,Summit Christian Academy,2
2019-10-17,Mountain Grove,0,Thayer,0
2019-10-17,Francis Howell Central,2,Timberland,0
2019-10-17,Sacred Heart,2,Tipton,0
2019-10-17,Park Hill South,2,St. Charles,0
2019-10-17,St. James,2,Union,0
2019-10-17,Visitation Academy,2,Ursuline Academy,0
2019-10-17,Springfield Catholic,2,Veritas Christian Academy,0
2019-10-17,Pleasant Hill,2,Warrensburg,1
2019-10-17,Republic,0,Webb City,2
2019-10-17,Kingsville,0,Wellington-Napoleon,2
2019-10-17,Arcadia Valley,2,West County,0
2019-10-17,Hillcrest,0,West Plains,2
2019-10-17,Lawson,0,West Platte,2
2019-10-17,Liberty (Mountain View),2,Willow Springs,0
2019-10-17,Otterville,1,Windsor,2
2019-10-17,Sparta,2,Winnetonka,1
2019-10-17,Bowling Green,0,Wright City,2
2019-10-18,Dexter,0,Advance,2
2019-10-18,Woodland,2,Bernie,1
2019-10-18,Richland (Essex),0,Bloomfield,2
2019-10-18,Gideon,2,Clarkton,0
2019-10-18,John Burroughs,0,Clayton,2
2019-10-18,Linn,0,Eugene,2
2019-10-18,Southwest (Washburn),2,Exeter,0
2019-10-18,Eureka,2,Francis Howell,0
2019-10-18,Fatima,0,Jefferson City,2
2019-10-18,Brentwood,0,Maplewood-Richmond Hts.,2
2019-10-18,Wright City,0,McCluer North,2
2019-10-18,Orchard Farm,2,McCluer North,0
2019-10-18,Saxony Lutheran,2,Oran,1
2019-10-18,Wright City,0,Orchard Farm,2
2019-10-18,Whitfield,0,Parkway Central,2
2019-10-18,Fox,2,Parkway North,0
2019-10-18,Bismarck,0,South Iron,2
2019-10-19,Fordland,0,Ash Grove,2
2019-10-19,Forsyth,1,Ash Grove,1
2019-10-19,Billings,0,Ash Grove,2
2019-10-19,Miller,2,Ash Grove,1
2019-10-19,Union,0,Ava,2
2019-10-19,Miller,1,Ava,1
2019-10-19,Salem,0,Ava,2
2019-10-19,Forsyth,2,Ava,1
2019-10-19,Ash Grove,2,Ava,0
2019-10-19,Sheldon,2,Ballard,0
2019-10-19,Miami (Amoret),1,Ballard,1
2019-10-19,Hume,2,Ballard,0
2019-10-19,Grain Valley,1,Belton,1
2019-10-19,St. Michael the Archangel,2,Belton,0
2019-10-19,St. Pius X (Kansas City),1,Belton,1
2019-10-19,Concordia,0,Belton,2
2019-10-19,Fordland,0,Billings,2
2019-10-19,Smithton,0,Blair Oaks,2
2019-10-19,Versailles,0,Blair Oaks,2
2019-10-19,California,1,Blair Oaks,2
2019-10-19,Thayer,0,Blue Eye,2
2019-10-19,Winona,2,Blue Eye,0
2019-10-19,Helias Catholic,2,Bolivar,0
2019-10-19,Niangua,1,Bradleyville,1
2019-10-19,School of the Ozarks,1,Bradleyville,1
2019-10-19,Hurley,2,Bradleyville,0
2019-10-19,Hume,0,Bronaugh,2
2019-10-19,Northeast Vernon County,2,Bronaugh,0
2019-10-19,Miami (Amoret),1,Bronaugh,2
2019-10-19,Capital City,0,California,2
2019-10-19,Nixa,2,Carl Junction,0
2019-10-19,Lafayette (Wildwood),2,Carl Junction,0
2019-10-19,Eldon,0,Carl Junction,2
2019-10-19,Licking,2,Carl Junction,1
2019-10-19,Lee's Summit West,2,Central (St. Joseph),0
2019-10-19,Kearney,0,Central (St. Joseph),2
2019-10-19,Raymore-Peculiar,1,Central (St. Joseph),2
2019-10-19,Liberty,2,Central (St. Joseph),0
2019-10-19,Villa Duchesne,0,Central (St. Joseph),2
2019-10-19,St. Charles,0,Central (St. Joseph),2
2019-10-19,Everton,0,Chadwick,2
2019-10-19,School of the Ozarks,2,Chadwick,1
2019-10-19,Hurley,2,Chadwick,0
2019-10-19,Hillcrest,1,Clinton,2
2019-10-19,Bolivar,1,Clinton,1
2019-10-19,Helias Catholic,2,Clinton,0
2019-10-19,Nevada,2,Clinton,0
2019-10-19,Rock Bridge,2,Cole Camp,0
2019-10-19,St. Paul Lutheran (Concordia),1,Cole Camp,1
2019-10-19,Grain Valley,2,Cole Camp,0
2019-10-19,Grain Valley,2,Concordia,0
2019-10-19,Sparta,2,Concordia,1
2019-10-19,St. Pius X (Kansas City),2,Concordia,0
2019-10-19,Hallsville,1,Crystal City,1
2019-10-19,California,2,Crystal City,0
2019-10-19,Capital City,0,Crystal City,2
2019-10-19,New Heights Christian,2,Diamond,0
2019-10-19,Penney,0,East Buchanan,2
2019-10-19,Lexington,0,East Buchanan,2
2019-10-19,Savannah,0,East Buchanan,2
2019-10-19,Wellington-Napoleon,1,East Buchanan,2
2019-10-19,Lawson,2,East Buchanan,0
2019-10-19,Diamond,2,East Newton,0
2019-10-19,Seneca,2,East Newton,1
2019-10-19,McDonald County,2,East Newton,0
2019-10-19,Nixa,2,Eldon,0
2019-10-19,Otterville,0,Eugene,2
2019-10-19,Plato,0,Eugene,2
2019-10-19,Calvary Lutheran,1,Eugene,2
2019-10-19,Notre Dame (St. Louis),2,Father Tolton,1
2019-10-19,Fordland,0,Forsyth,2
2019-10-19,Billings,0,Forsyth,2
2019-10-19,Miller,2,Forsyth,0
2019-10-19,Winona,2,Galena,0
2019-10-19,Licking,2,Glendale,1
2019-10-19,Logan-Rogersville,2,Glendale,0
2019-10-19,Eldon,2,Glendale,1
2019-10-19,Ozark,2,Glendale,0
2019-10-19,Veritas Christian Academy,2,Glendale,0
2019-10-19,St. Pius X (Kansas City),2,Grain Valley,0
2019-10-19,Rock Bridge,2,Grandview,0
2019-10-19,Cole Camp,2,Grandview,0
2019-10-19,St. Paul Lutheran (Concordia),2,Grandview,0
2019-10-19,Mid-Buchanan,0,Green Ridge,2
2019-10-19,Warsaw,0,Green Ridge,2
2019-10-19,Versailles,2,Green Ridge,1
2019-10-19,Mid-Buchanan,0,Hallsville,2
2019-10-19,California,2,Hallsville,0
2019-10-19,Capital City,0,Hallsville,2
2019-10-19,Linn,0,Hallsville,2
2019-10-19,Smithton,1,Hallsville,2
2019-10-19,Raytown,1,Harrisonville,1
2019-10-19,Platte County,2,Harrisonville,0
2019-10-19,Notre Dame de Sion,1,Harrisonville,1
2019-10-19,Grandview,0,Harrisonville,2
2019-10-19,Sparta,0,Harrisonville,2
2019-10-19,Grain Valley,2,Harrisonville,0
2019-10-19,Nevada,2,Hillcrest,0
2019-10-19,Warrensburg,2,Hillcrest,0
2019-10-19,Osceola,1,Hillcrest,1
2019-10-19,Blue Eye,0,Hollister,2
2019-10-19,Thayer,0,Hollister,2
2019-10-19,Northeast Vernon County,1,Hume,1
2019-10-19,Niangua,0,Hurley,2
2019-10-19,School of the Ozarks,2,Hurley,0
2019-10-19,Smithton,2,Knob Noster,0
2019-10-19,Versailles,2,Knob Noster,0
2019-10-19,Mid-Buchanan,2,Knob Noster,0
2019-10-19,Blair Oaks,2,Knob Noster,0
2019-10-19,Eldon,0,Lafayette (Wildwood),2
2019-10-19,Nixa,2,Lafayette (Wildwood),0
2019-10-19,Logan-Rogersville,1,Lafayette (Wildwood),2
2019-10-19,Wellington-Napoleon,1,Lafayette County,1
2019-10-19,Lawson,2,Lafayette County,0
2019-10-19,Odessa,1,Lafayette County,1
2019-10-19,Savannah,2,Lafayette County,0
2019-10-19,Wellington-Napoleon,1,Lawson,1
2019-10-19,Odessa,1,Lawson,1
2019-10-19,Lexington,0,Lawson,2
2019-10-19,Oak Park,1,Lee's Summit,2
2019-10-19,Raymore-Peculiar,0,Lee's Summit,2
2019-10-19,Staley,1,Lee's Summit,2
2019-10-19,Liberty,2,Lee's Summit,0
2019-10-19,Villa Duchesne,0,Lee's Summit West,2
2019-10-19,Liberty,2,Lee's Summit West,1
2019-10-19,Staley,0,Lee's Summit West,2
2019-10-19,Park Hill,2,Lee's Summit West,1
2019-10-19,Penney,0,Lexington,2
2019-10-19,Savannah,2,Lexington,0
2019-10-19,Villa Duchesne,0,Liberty,2
2019-10-19,Park Hill,2,Liberty,0
2019-10-19,Veritas Christian Academy,2,Licking,0
2019-10-19,Marshall,2,Linn,0
2019-10-19,Willard,2,Linn,0
2019-10-19,Licking,1,Logan-Rogersville,2
2019-10-19,Veritas Christian Academy,0,Logan-Rogersville,2
2019-10-19,Ozark,0,Logan-Rogersville,2
2019-10-19,Park Hill,2,Marquette,1
2019-10-19,Kearney,1,Marquette,2
2019-10-19,Liberty,2,Marquette,0
2019-10-19,St. Charles,0,Marquette,2
2019-10-19,Willard,0,Marshall,2
2019-10-19,California,2,Marshall,1
2019-10-19,Diamond,2,McDonald County,1
2019-10-19,Sarcoxie,2,McDonald County,0
2019-10-19,Sheldon,1,Miami (Amoret),1
2019-10-19,Warsaw,0,Mid-Buchanan,2
2019-10-19,Willard,1,Mid-Buchanan,2
2019-10-19,Union,0,Miller,2
2019-10-19,Osceola,0,Nevada,2
2019-10-19,Warrensburg,0,Nevada,2
2019-10-19,Helias Catholic,0,Nevada,2
2019-10-19,School of the Ozarks,2,Niangua,0
2019-10-19,Veritas Christian Academy,0,Nixa,2
2019-10-19,Sheldon,2,Northeast Vernon County,1
2019-10-19,Rock Bridge,2,Notre Dame de Sion,0
2019-10-19,Staley,2,Oak Park,0
2019-10-19,Kearney,2,Oak Park,0
2019-10-19,Raymore-Peculiar,2,Oak Park,1
2019-10-19,Villa Duchesne,1,Oak Park,2
2019-10-19,Wellington-Napoleon,0,Odessa,2
2019-10-19,Penney,0,Odessa,2
2019-10-19,Savannah,0,Odessa,2
2019-10-19,Mid-Buchanan,0,Osage,2
2019-10-19,Green Ridge,2,Osage,0
2019-10-19,Warsaw,0,Osage,2
2019-10-19,Blair Oaks,2,Osage,0
2019-10-19,Helias Catholic,2,Osceola,0
2019-10-19,Plato,0,Otterville,2
2019-10-19,Tipton,2,Otterville,0
2019-10-19,Licking,0,Ozark,2
2019-10-19,Veritas Christian Academy,2,Ozark,1
2019-10-19,Kearney,0,Park Hill,2
2019-10-19,St. Charles,0,Park Hill,2
2019-10-19,Sarcoxie,0,Plato,2
2019-10-19,Raytown,0,Platte County,2
2019-10-19,Notre Dame de Sion,0,Platte County,2
2019-10-19,Rock Bridge,0,Platte County,2
2019-10-19,St. Paul Lutheran (Concordia),0,Platte County,2
2019-10-19,St. Michael the Archangel,0,Platte County,2
2019-10-19,St. Michael the Archangel,2,Pleasant Hill,0
2019-10-19,Sparta,0,Pleasant Hill,2
2019-10-19,St. Pius X (Kansas City),2,Pleasant Hill,0
2019-10-19,Staley,2,Raymore-Peculiar,0
2019-10-19,Raytown South,0,Raymore-Peculiar,2
2019-10-19,Notre Dame de Sion,2,Raytown,0
2019-10-19,Cole Camp,2,Raytown,0
2019-10-19,St. Michael the Archangel,2,Raytown South,0
2019-10-19,Pleasant Hill,2,Raytown South,0
2019-10-19,Sparta,2,Raytown South,0
2019-10-19,Grain Valley,2,Raytown South,0
2019-10-19,Winona,2,Reeds Spring,0
2019-10-19,Galena,0,Reeds Spring,2
2019-10-19,Tipton,2,Sarcoxie,0
2019-10-19,Calvary Lutheran,2,Sarcoxie,0
2019-10-19,Miller,2,Salem,0
2019-10-19,Union,2,Salem,0
2019-10-19,New Heights Christian,2,Sarcoxie,0
2019-10-19,Penney,0,Savannah,2
2019-10-19,New Heights Christian,2,Seneca,1
2019-10-19,Sarcoxie,0,Seneca,2
2019-10-19,Diamond,2,Seneca,1
2019-10-19,Versailles,1,Smithton,1
2019-10-19,Warsaw,0,Smithton,2
2019-10-19,St. Michael the Archangel,2,Sparta,0
2019-10-19,Marshall,1,Southern Boone,1
2019-10-19,Versailles,0,Southern Boone,2
2019-10-19,Blair Oaks,0,Southern Boone,2
2019-10-19,Crystal City,0,Southern Boone,2
2019-10-19,Linn,0,Southern Boone,2
2019-10-19,Willard,0,Southern Boone,2
2019-10-19,Rock Bridge,2,St. Paul Lutheran (Concordia),0
2019-10-19,Rock Bridge,2,St. Pius X (Kansas City),0
2019-10-19,Capital City,0,Willard,2
2019-10-19,Calvary Lutheran,1,Tipton,1
2019-10-19,Kearney,2,St. Charles,1
2019-10-19,Osceola,0,Warrensburg,2
2019-10-19,Bolivar,2,Warrensburg,1
2019-10-21,El Dorado Springs,0,Adrian,2
2019-10-21,Ste. Genevieve,0,Arcadia Valley,2
2019-10-21,Bolivar,0,Ash Grove,2
2019-10-21,Montgomery County,0,Battle,2
2019-10-21,Jennings,2,Bayless,1
2019-10-21,Meadow Heights,2,Bell City,0
2019-10-21,Woodland,2,Bernie,1
2019-10-21,Trinity Catholic,2,Bishop DuBourg,0
2019-10-21,Lawson,0,Bishop LeBlond,2
2019-10-21,Forsyth,2,Blue Eye,0
2019-10-21,Belle,2,Bourbon,1
2019-10-21,Orchard Farm,2,Bowling Green,0
2019-10-21,Fordland,1,Bradleyville,2
2019-10-21,Neosho,0,Branson,2
2019-10-21,Miami (Amoret),2,Bronaugh,1
2019-10-21,Fulton,2,Brookfield,0
2019-10-21,Ellington,2,Bunker,0
2019-10-21,Buffalo,0,Butler,2
2019-10-21,Savannah,0,California,2
2019-10-21,Summit Christian Academy,2,Center,0
2019-10-21,Poplar Bluff,2,Central (Cape Girardeau),0
2019-10-21,Northeast (Kansas City),2,Central (Kansas City),0
2019-10-21,West County,0,Central (Park Hills),2
2019-10-21,Eugene,2,Centralia,0
2019-10-21,Cooter,2,Charleston,0
2019-10-21,Campbell,1,Clarkton,2
2019-10-21,Whitfield,0,Clayton,2
2019-10-21,Fair Grove,2,Clever,1
2019-10-21,Warsaw,0,Cole Camp,2
2019-10-21,North Technical,2,Confluence Prep Academy Charter,0
2019-10-21,Springfield Catholic,1,Conway,1
2019-10-21,Ewing Marion Kauffman,0,Cristo Rey,3
2019-10-21,St. Clair,2,DeSoto,0
2019-10-21,Notre Dame (Cape Girardeau),1,Dexter,2
2019-10-21,Puxico,0,Doniphan,2
2019-10-21,Hogan Prep Academy Charter,2,East (Kansas City),0
2019-10-21,Nerinx Hall,0,Eureka,2
2019-10-21,North County,2,Farmington,0
2019-10-21,Bismarck,0,Farmington,2
2019-10-21,New Haven,0,Fatima,2
2019-10-21,Perryville,2,Festus,1
2019-10-21,Visitation Academy,1,Francis Howell,2
2019-10-21,Valley,0,Fredericktown,2
2019-10-21,Valle Catholic,2,Fredericktown,0
2019-10-21,Valley Park,0,Hancock,2
2019-10-21,Mexico,0,Hannibal,2
2019-10-21,Portageville,2,Holcomb,0
2019-10-21,Osceola,2,Holden,1
2019-10-21,Monett,0,Hollister,2
2019-10-21,Marionville,0,Hurley,2
2019-10-21,St. Joseph's Academy,0,Incarnate Word Academy,2
2019-10-21,Saxony Lutheran,0,Jefferson (Festus),2
2019-10-21,Arcadia Valley,2,Kingston,0
2019-10-21,Ste. Genevieve,2,Kingston,0
2019-10-21,Affton,2,Kirkwood,1
2019-10-21,Lincoln,2,Lakeland,0
2019-10-21,Bloomfield,1,Leopold,2
2019-10-21,Penney,0,Lexington,2
2019-10-21,Waynesville,0,Liberty (Mountain View),2
2019-10-21,Eminence,0,Licking,2
2019-10-21,Oakville,0,Lindbergh,2
2019-10-21,Maplewood-Richmond Hts.,2,Lutheran North,0
2019-10-21,Francis Howell Central,0,Marquette,2
2019-10-21,Northwest (Cedar Hill),2,Mehlville,0
2019-10-21,School of the Ozarks,0,Miller,2
2019-10-21,Riverview Gardens,0,Miller Career Academy,2
2019-10-21,Southwest (Washburn),0,New Heights Christian,2
2019-10-21,South Harrison,0,Nodaway-Holt,2
2019-10-21,Bismarck,0,North County,2
2019-10-21,Staley,2,North Kansas City,1
2019-10-21,Caruthersville,2,North Pemiscot,0
2019-10-21,Savannah,2,Northland Christian,0
2019-10-21,Winnetonka,2,Oak Park,1
2019-10-21,Chilhowee,0,Orrick,2
2019-10-21,Cuba,1,Owensville,2
2019-10-21,Ft. Zumwalt East,0,Pattonville,2
2019-10-21,Dixon,0,Plato,2
2019-10-21,Cameron,2,Plattsburg,0
2019-10-21,Central (Park Hills),2,Potosi,0
2019-10-21,West County,0,Potosi,2
2019-10-21,Marshfield,2,Reeds Spring,1
2019-10-21,Parkview,1,Republic,2
2019-10-21,East Buchanan,0,Rock Port,2
2019-10-21,Otterville,0,Sarcoxie,2
2019-10-21,Clearwater,2,Seneca,1
2019-10-21,Northeast Vernon County,0,Sheldon,2
2019-10-21,Risco,2,Summersville,1
2019-10-21,Father Tolton,0,Southern Boone,2
2019-10-21,Hermann,2,St. Joseph's Academy,0
2019-10-21,Webb City,2,St. James,0
2019-10-21,Trenton,0,St. Joseph Christian,2
2019-10-21,Blue Springs,2,St. Michael the Archangel,0
2019-10-21,Viburnum,0,Warsaw,2
2019-10-21,Lockwood,0,Stockton,2
2019-10-21,Versailles,1,Willard,2
2019-10-21,Hallsville,2,Tipton,0
2019-10-21,Greenville,1,St. Clair,1
2019-10-21,Versailles,2,University Academy Charter,0
2019-10-21,Valle Catholic,2,Valley,0
2019-10-21,Exeter,0,Verona,2
2019-10-21,Union,1,Warrenton,2
2019-10-21,Rockwood Summit,2,Webster Groves,0
2019-10-21,Crest Ridge,2,Windsor,0
2019-10-21,St. Pius X (Festus),1,Windsor (Imperial),1
2019-10-21,Lutheran St. Charles,2,Winfield,0
2019-10-22,St. Vincent,0,Advance,2
2019-10-22,Billings,2,Ash Grove,0
2019-10-22,Liberty (Mountain View),0,Ava,2
2019-10-22,Dixon,0,Belle,2
2019-10-22,William Chrisman,2,Belton,1
2019-10-22,Chillicothe,1,Benton,2
2019-10-22,West County,2,Bismarck,0
2019-10-22,Jefferson City,2,Blair Oaks,0
2019-10-22,Bell City,0,Bloomfield,2
2019-10-22,Lee's Summit West,2,Blue Springs South,0
2019-10-22,Eldon,1,Bolivar,2
2019-10-22,Cuba,2,Bourbon,0
2019-10-22,Chadwick,2,Bradleyville,1
2019-10-22,Marshall,2,Brookfield,0
2019-10-22,El Dorado Springs,2,Buffalo,0
2019-10-22,Salem,0,Cabool,2
2019-10-22,Webb City,2,Carthage,0
2019-10-22,Cooter,0,Caruthersville,2
2019-10-22,Notre Dame (Cape Girardeau),1,Central (Cape Girardeau),1
2019-10-22,Oran,2,Central (New Madrid County),0
2019-10-22,Seneca,1,Central (New Madrid County),1
2019-10-22,Kennett,2,Central (New Madrid County),0
2019-10-22,Charleston,0,Central (New Madrid County),2
2019-10-22,Seneca,2,Charleston,0
2019-10-22,Kennett,2,Charleston,0
2019-10-22,Oran,2,Charleston,0
2019-10-22,University City,0,Clayton,2
2019-10-22,South Iron,2,Clearwater,0
2019-10-22,Valley Park,0,Crossroads College Preparatory,2
2019-10-22,Southland,2,Delta (Deering),1
2019-10-22,Rich Hill,1,Drexel,2
2019-10-22,Veritas Christian Academy,2,Duchesne,0
2019-10-22,New Heights Christian,2,East Newton,0
2019-10-22,Doniphan,0,Ellington,2
2019-10-22,Wright City,1,Eminence,2
2019-10-22,Calvary Lutheran,2,Eugene,0
2019-10-22,Niangua,2,Everton,0
2019-10-22,Pleasant Hill,0,Excelsior Springs,2
2019-10-22,Stockton,2,Fair Grove,1
2019-10-22,Crane,2,Forsyth,0
2019-10-22,Ft. Zumwalt West,0,Francis Howell Central,2
2019-10-22,Ft. Zumwalt South,2,Ft. Zumwalt East,0
2019-10-22,Spokane,2,Galena,1
2019-10-22,Rolla,0,Glendale,2
2019-10-22,Thomas Jefferson Independent Day,0,Golden City,2
2019-10-22,Winnetonka,1,Grain Valley,2
2019-10-22,Marionville,0,Greenfield,2
2019-10-22,California,2,Hallsville,1
2019-10-22,Brentwood,2,Hancock,0
2019-10-22,Kirksville,1,Hannibal,2
2019-10-22,Owensville,0,Hermann,2
2019-10-22,Lebanon,2,Hillcrest,0
2019-10-22,Francis Howell,2,Holt,0
2019-10-22,Poplar Bluff,0,Jackson,2
2019-10-22,Sikeston,0,Jackson,2
2019-10-22,Central (Cape Girardeau),0,Jackson,2
2019-10-22,Notre Dame (Cape Girardeau),0,Jackson,2
2019-10-22,Principia,0,John Burroughs,2
2019-10-22,Ste. Genevieve,2,Kingston,0
2019-10-22,Valley,2,Kingston,0
2019-10-22,Bismarck,0,Kingston,2
2019-10-22,Lafayette County,0,Knob Noster,2
2019-10-22,Cole Camp,2,La Monte,0
2019-10-22,Mehlville,0,Ladue Horton Watkins,2
2019-10-22,St. Joseph Christian,2,Lafayette (St. Joseph),1
2019-10-22,Adrian,2,Lakeland,0
2019-10-22,Monett,0,Lamar,2
2019-10-22,Mid-Buchanan,2,Lathrop,0
2019-10-22,East Buchanan,0,Lawson,2
2019-10-22,Pembroke Hill,0,Lee's Summit North,2
2019-10-22,Winona,2,Lesterville,0
2019-10-22,Carrollton,0,Lexington,2
2019-10-22,Archie,2,Liberal,1
2019-10-22,Staley,0,Liberty,2
2019-10-22,St. Charles,0,Liberty North,2
2019-10-22,Cardinal Ritter,2,Lift for Life Academy Charter,0
2019-10-22,Windsor,0,Lincoln,2
2019-10-22,Ewing Marion Kauffman,1,Lincoln College Prep,1
2019-10-22,Sarcoxie,0,Linn,2
2019-10-22,Mt. Vernon,0,Logan-Rogersville,2
2019-10-22,Santa Fe,2,Lutheran (Kansas City),0
2019-10-22,Ursuline Academy,0,Lutheran South,2
2019-10-22,Holcomb,2,Malden,0
2019-10-22,Bayless,0,Maplewood-Richmond Hts.,2
2019-10-22,Zalma,2,Marquand-Zion,0
2019-10-22,St. Pius X (Kansas City),0,Maryville,2
2019-10-22,Riverview Gardens,0,McCluer North,1
2019-10-22,Boonville,1,Mexico,2
2019-10-22,Jasper,0,Midway,2
2019-10-22,Clever,0,Miller,2
2019-10-22,Chamois,3,Missouri School for the Deaf,0
2019-10-22,Houston,0,Mountain Grove,2
2019-10-22,Joplin,2,Neosho,0
2019-10-22,Lafayette (Wildwood),2,Nerinx Hall,1
2019-10-22,McDonald County,0,Nevada,2
2019-10-22,Carl Junction,0,Nixa,2
2019-10-22,Wright City,2,North Callaway,0
2019-10-22,Versailles,0,North Kansas City,2
2019-10-22,University Academy Charter,2,Northeast (Kansas City),0
2019-10-22,Warrensburg,1,Oak Grove,2
2019-10-22,Raytown,0,Oak Park,2
2019-10-22,Fox,0,Oakville,2
2019-10-22,Harrisonville,0,Odessa,2
2019-10-22,Seneca,2,Oran,0
2019-10-22,Kennett,2,Oran,0
2019-10-22,Southern Boone,1,Osage,2
2019-10-22,Willard,2,Otterville,0
2019-10-22,Republic,0,Ozark,2
2019-10-22,Webb City,0,Pacific,2
2019-10-22,Kearney,0,Park Hill,2
2019-10-22,Lee's Summit,1,Park Hill South,2
2019-10-22,Camdenton,2,Parkview,1
2019-10-22,Northwest (Cedar Hill),2,Parkway Central,0
2019-10-22,Grandview,0,Platte County,2
2019-10-22,Penney,1,Plattsburg,2
2019-10-22,Conway,1,Pleasant Hope,0
2019-10-22,Notre Dame (Cape Girardeau),1,Poplar Bluff,1
2019-10-22,Sikeston,0,Poplar Bluff,2
2019-10-22,Central (Cape Girardeau),2,Poplar Bluff,0
2019-10-22,Wheaton,2,Purdy,0
2019-10-22,Clarkton,2,Richland (Essex),0
2019-10-22,Holden,2,Richmond,0
2019-10-22,McCluer,0,Ritenour,2
2019-10-22,Kirkwood,1,Rockwood Summit,2
2019-10-22,Confluence Prep Academy Charter,0,Roosevelt,2
2019-10-22,Fort Osage,2,Ruskin,0
2019-10-22,Union,1,School of the Ozarks,2
2019-10-22,Kennett,1,Seneca,1
2019-10-22,Hayti,0,Senath-Hornersville,2
2019-10-22,Cassville,0,Seneca,2
2019-10-22,Bronaugh,0,Sheldon,2
2019-10-22,Clinton,2,Sherwood,0
2019-10-22,Central (Cape Girardeau),2,Sikeston,0
2019-10-22,Notre Dame (Cape Girardeau),2,Sikeston,0
2019-10-22,Sacred Heart,0,Smithton,0
2019-10-22,Raytown South,0,Sparta,2
2019-10-22,Nodaway-Holt,0,St. James,2
2019-10-22,Aurora,0,Springfield Catholic,2
2019-10-22,St. Charles,2,St. Charles West,1
2019-10-22,Union,0,St. Clair,2
2019-10-22,Father Tolton,0,St. Dominic,2
2019-10-22,Notre Dame (St. Louis),0,St. Joseph's Academy,2
2019-10-22,New Haven,0,St. James,2
2019-10-22,Eureka,0,St. Joseph's Academy,2
2019-10-22,Bunker,0,St. Paul Lutheran (Farmington),2
2019-10-22,Hillsboro,2,St. Pius X (Festus),1
2019-10-22,Willow Springs,0,Winona,2
2019-10-22,Wellington-Napoleon,0,Summit Christian Academy,2
2019-10-22,Ft. Zumwalt North,0,Timberland,2
2019-10-22,Northwest (Hughesville),0,Tipton,2
2019-10-22,Savannah,2,Trenton,0
2019-10-22,Francis Howell North,0,Troy Buchanan,2
2019-10-22,Gideon,2,St. Clair,0
2019-10-22,West County,2,Valley,0
2019-10-22,Skyline,2,Versailles,0
2019-10-22,Cor Jesu Academy,2,Villa Duchesne,0
2019-10-22,MICDS,0,Visitation Academy,2
2019-10-22,Winfield,2,Warrenton,1
2019-10-22,Liberty (Wentzville),0,Washington,2
2019-10-22,Kickapoo,2,Waynesville,0
2019-10-22,Central (Springfield),0,West Plains,2
2019-10-22,North Platte,1,West Platte,2
2019-10-22,Parkway West,0,Westminster Christian Academy,2
2019-10-22,Branson,0,Willard,2
2019-10-23,Bayless,2,Cardinal Ritter,0
2019-10-23,Southeast,0,Central (Kansas City),2
2019-10-23,Collegiate School of Med-Bio Science,0,Crossroads College Preparatory,2
2019-10-23,St. Paul Lutheran (Farmington),1,Crystal City,2
2019-10-23,Seckman,2,DeSoto,0
2019-10-23,Northeast (Kansas City),2,East (Kansas City),1
2019-10-23,Potosi,0,Farmington,2
2019-10-23,Ste. Genevieve,2,Farmington,1
2019-10-23,Lee's Summit North,2,Fort Osage,1
2019-10-23,Parkway South,2,Fox,0
2019-10-23,Ste. Genevieve,2,Fredericktown,0
2019-10-23,Potosi,2,Fredericktown,0
2019-10-23,Winnetonka,1,Grain Valley,2
2019-10-23,Oak Grove,2,Harrisonville,0
2019-10-23,Bishop DuBourg,0,Herculaneum,2
2019-10-23,Rock Bridge,3,Hickman,2
2019-10-23,Liberty (Wentzville),2,Holt,0
2019-10-23,Grandview,0,Kearney,2
2019-10-23,Lexington,2,Lafayette County,1
2019-10-23,Whitfield,2,Lutheran North,0
2019-10-23,John Burroughs,0,Lutheran St. Charles,2
2019-10-23,Villa Duchesne,0,Marquette,2
2019-10-23,Savannah,2,Marshall,1
2019-10-23,Wright City,1,Montgomery County,2
2019-10-23,Hazelwood East,2,Normandy Collaborative,0
2019-10-23,Father Tolton,2,North Callaway,0
2019-10-23,Webster Groves,0,Oakville,2
2019-10-23,Midway,1,Osceola,2
2019-10-23,Trinity Catholic,0,Springfield Catholic,2
2019-10-23,Leopold,2,St. Vincent,0
2019-10-23,Grandview (Hillsboro),2,Warsaw,0
2019-10-23,Lincoln,2,Willard,0
2019-10-23,Clinton,2,Warsaw,0
2019-10-23,St. Dominic,2,Westminster Christian Academy,0
2019-10-23,Lutheran South,0,Windsor (Imperial),2
2019-10-24,Drexel,0,Adrian,2
2019-10-24,Rockwood Summit,2,Affton,0
2019-10-24,Central (Park Hills),2,Arcadia Valley,1
2019-10-24,Valle Catholic,1,Arcadia Valley,2
2019-10-24,Leopold,1,Bernie,2
2019-10-24,Hurley,1,Billings,2
2019-10-24,Malden,0,Bloomfield,2
2019-10-24,Crane,0,Blue Eye,2
2019-10-24,Blue Springs South,0,Blue Springs,2
2019-10-24,Osage,2,Boonville,0
2019-10-24,Sarcoxie,0,Calvary Lutheran,2
2019-10-24,Rolla,2,Camdenton,1
2019-10-24,Lafayette (St. Joseph),2,Cameron,1
2019-10-24,Reeds Spring,2,Cassville,0
2019-10-24,Oran,0,Central (Cape Girardeau),2
2019-10-24,Charleston,1,Central (New Madrid County),2
2019-10-24,Ewing Marion Kauffman,0,Central (Springfield),2
2019-10-24,Park Hill South,2,Central (St. Joseph),0
2019-10-24,Summersville,0,Clarkton,2
2019-10-24,Jennings,0,Clayton,2
2019-10-24,Cardinal Ritter,2,Confluence Prep Academy Charter,0
2019-10-24,Santa Fe,2,Crest Ridge,1
2019-10-24,Belle,0,Cuba,2
2019-10-24,Perryville,2,Dexter,1
2019-10-24,New Heights Christian,2,Diamond,0
2019-10-24,Trinity Catholic,0,Duchesne,2
2019-10-24,Hollister,2,East Newton,0
2019-10-24,Lesterville,2,Eminence,0
2019-10-24,Washington,0,Eureka,2
2019-10-24,Fair Grove,1,Forsyth,2
2019-10-24,Kirkwood,0,Francis Howell Central,2
2019-10-24,Ft. Zumwalt West,2,Ft. Zumwalt North,0
2019-10-24,Mexico,1,Fulton,0
2019-10-24,Verona,0,Galena,2
2019-10-24,Portageville,0,Gideon,2
2019-10-24,Hillcrest,0,Glendale,2
2019-10-24,Kearney,2,Grandview,0
2019-10-24,Windsor,0,Green Ridge,2
2019-10-24,Ft. Zumwalt East,2,Hazelwood West,0
2019-10-24,Fatima,2,Helias Catholic,0
2019-10-24,Poplar Bluff,0,Jackson,2
2019-10-24,Sikeston,0,Jackson,2
2019-10-24,Notre Dame (Cape Girardeau),1,Jackson,2
2019-10-24,Liberal,1,Jasper,2
2019-10-24,Brookfield,0,Kirksville,2
2019-10-24,Tipton,2,La Monte,0
2019-10-24,Francis Howell,0,Lafayette (Wildwood),2
2019-10-24,Mt. Vernon,2,Lamar,1
2019-10-24,Parkview,0,Lebanon,2
2019-10-24,Liberty North,2,Lee's Summit,1
2019-10-24,Chamois,0,Linn,2
2019-10-24,Exeter,0,Lockwood,2
2019-10-24,Lathrop,0,Lone Jack,2
2019-10-24,Stockton,2,Marionville,0
2019-10-24,Wheaton,2,McAuley Catholic,1
2019-10-24,McCluer North,2,McCluer,0
2019-10-24,Springfield Catholic,2,McDonald County,0
2019-10-24,Ladue Horton Watkins,2,MICDS,0
2019-10-24,Aurora,2,Monett,0
2019-10-24,Logan-Rogersville,2,Nevada,0
2019-10-24,Fordland,1,Niangua,2
2019-10-24,Central (Park Hills),2,North County,1
2019-10-24,Valle Catholic,2,North County,1
2019-10-24,Oak Park,1,North Kansas City,2
2019-10-24,Delta (Deering),0,North Pemiscot,2
2019-10-24,Hogan Prep Academy Charter,0,Northeast (Kansas City),2
2019-10-24,Greenfield,2,Northeast Vernon County,0
2019-10-24,Smithton,2,Northwest (Hughesville),0
2019-10-24,Grandview (Hillsboro),1,Oak Ridge,2
2019-10-24,Kennett,2,Oran,0
2019-10-24,Whitfield,0,Orchard Farm,2
2019-10-24,Sacred Heart,2,Otterville,0
2019-10-24,Raymore-Peculiar,0,Park Hill,2
2019-10-24,Pattonville,1,Parkway South,2
2019-10-24,Cor Jesu Academy,2,Parkway West,0
2019-10-24,Thomas Jefferson Independent Day,1,Pierce City,2
2019-10-24,Odessa,2,Pleasant Hill,0
2019-10-24,Charleston,0,Poplar Bluff,2
2019-10-24,Kennett,1,Poplar Bluff,2
2019-10-24,Central (Cape Girardeau),1,Poplar Bluff,2
2019-10-24,Grain Valley,2,Raytown South,0
2019-10-24,Lakeland,0,Rich Hill,2
2019-10-24,Risco,0,Richland (Essex),2
2019-10-24,North Nodaway,0,Rock Port,2
2019-10-24,Bishop DuBourg,0,Springfield Catholic,2
2019-10-24,Winona,2,Sarcoxie,0
2019-10-24,Bishop LeBlond,2,Savannah,1
2019-10-24,East Prairie,0,Saxony Lutheran,2
2019-10-24,Kennett,2,Seneca,0
2019-10-24,Notre Dame (Cape Girardeau),2,Seneca,0
2019-10-24,Marshfield,2,Seneca,0
2019-10-24,Central (New Madrid County),0,Sikeston,2
2019-10-24,Seneca,2,Sikeston,1
2019-10-24,Conway,1,Skyline,2
2019-10-24,Center,0,Savannah,2
2019-10-24,Belton,2,Sparta,1
2019-10-24,Greenville,0,South Iron,2
2019-10-24,East (Kansas City),2,Southeast,0
2019-10-24,Purdy,0,Spokane,2
2019-10-24,Francis Howell North,2,St. Charles,1
2019-10-24,Ft. Zumwalt South,2,St. Charles West,0
2019-10-24,Hillsboro,0,St. Clair,2
2019-10-24,Veritas Christian Academy,0,St. Joseph's Academy,2
2019-10-24,Concordia,2,St. Paul Lutheran (Concordia),1
2019-10-24,St. Teresa's Academy,2,St. Pius X (Kansas City),0
2019-10-24,Union,2,Warsaw,1
2019-10-24,Warrenton,1,Webb City,2
2019-10-24,Liberty (Mountain View),2,Wright City,0
2019-10-24,Webb City,2,Summit Christian Academy,0
2019-10-24,Hannibal,1,Troy Buchanan,2
2019-10-24,Liberty,2,St. Charles,0
2019-10-24,Campbell,2,St. Clair,0
2019-10-24,Cooter,0,St. Clair,2
2019-10-24,Ritenour,2,University City,0
2019-10-24,Nerinx Hall,2,Ursuline Academy,0
2019-10-24,Blair Oaks,2,Versailles,0
2019-10-24,Excelsior Springs,2,Warrensburg,1
2019-10-24,Battle,0,Waynesville,2
2019-10-24,Capital City,0,Wellington-Napoleon,2
2019-10-24,Kickapoo,2,West Plains,0
2019-10-24,Ruskin,0,William Chrisman,2
2019-10-24,Licking,2,Willow Springs,0
2019-10-24,Platte County,2,Winnetonka,0
2019-10-24,Houston,0,Winona,2
2019-10-24,Clearwater,2,Zalma,1
2019-10-25,Galena,2,Chadwick,0
2019-10-25,Kingsville,0,Chilhowee,2
2019-10-25,Cooter,0,Clarkton,2
2019-10-25,Cooter,1,Delta (Deering),1
2019-10-25,Union,2,Fordland,0
2019-10-25,Kickapoo,2,Jefferson City,0
2019-10-25,Helias Catholic,0,Kickapoo,2
2019-10-25,Pembroke Hill,2,Lutheran North,0
2019-10-25,Principia,2,Lutheran North,0
2019-10-25,St. Paul Lutheran (Farmington),1,Meadow Heights,2
2019-10-25,Notre Dame (St. Louis),2,MICDS,0
2019-10-25,Notre Dame (St. Louis),2,Miller Career Academy,0
2019-10-25,St. Charles,2,Miller Career Academy,0
2019-10-25,Helias Catholic,0,Nixa,2
2019-10-25,Jefferson City,0,Nixa,2
2019-10-25,Cooter,0,North Pemiscot,2
2019-10-25,Incarnate Word Academy,0,Ozark,2
2019-10-25,Webster Groves,0,Parkway South,2
2019-10-25,Pembroke Hill,2,Principia,0
2019-10-25,Senath-Hornersville,0,Southland,2
2019-10-25,Notre Dame (St. Louis),1,St. Charles,1
2019-10-25,MICDS,0,St. Charles,2
2019-10-25,Maplewood-Richmond Hts.,2,University City,0
2019-10-25,Pembroke Hill,1,Windsor,1
2019-10-25,Lutheran North,0,Windsor (Imperial),2
2019-10-25,Pembroke Hill,1,Windsor (Imperial),1
2019-10-25,Principia,0,Windsor (Imperial),2
2019-10-25,Advance,2,Woodland,0
2019-10-26,Marshall,0,Hannibal,2
2019-10-26,MICDS,2,Lutheran North,0
2019-10-26,Lutheran North,2,Miller Career Academy,1
2019-10-26,Notre Dame (St. Louis),1,St. Charles,2
2019-10-26,Pembroke Hill,2,St. Charles,1
2019-10-26,Incarnate Word Academy,1,Willard,2
2019-10-26,Pembroke Hill,1,Windsor,2
2019-10-26,Notre Dame (St. Louis),0,Windsor (Imperial),2
2019-10-26,Pembroke Hill,1,Windsor (Imperial),2
2019-10-28,Summersville,0,Southland,2
2019-10-28,North Pemiscot,2,Hayti,0
2019-10-28,Delta (Deering),2,Cooter,1
2019-10-28,Bloomfield,2,Clarkton,0
2019-10-28,Campbell,2,Risco,0
2019-10-28,Gideon,2,Richland (Essex),0
2019-10-28,Advance,2,Zalma,0
2019-10-28,Leopold,2,Meadow Heights,0
2019-10-28,Zalma,2,Oran,1
2019-10-28,Leopold,2,Marquand-Zion,0
2019-10-28,Meadow Heights,2,Bell City,0
2019-10-28,Valley,2,Bismarck,0
2019-10-28,Crystal City,2,Transportation and Law,0
2019-10-28,Lesterville,2,South Iron,0
2019-10-28,Winona,2,Eminence,1
2019-10-28,South Iron,2,Viburnum,0
2019-10-28,Winona,2,Ellington,1
2019-10-28,Eminence,2,Bunker,1
2019-10-28,Plato,1,Bradleyville,2
2019-10-28,Fordland,2,Koshkonong,0
2019-10-28,Chadwick,2,Niangua,0
2019-10-28,Galena,2,Hurley,0
2019-10-28,School of the Ozarks,2,Crane,1
2019-10-28,Verona,2,Thomas Jefferson Independent Day,1
2019-10-28,McAuley Catholic,2,Exeter,0
2019-10-28,Wheaton,2,Purdy,0
2019-10-28,Golden City,1,Lockwood,2
2019-10-28,Jasper,2,Everton,0
2019-10-28,Greenfield,2,Sheldon,0
2019-10-28,Northeast Vernon County,2,Ballard,1
2019-10-28,Rich Hill,2,Bronaugh,0
2019-10-28,Hume,2,Miami (Amoret),0
2019-10-28,Osceola,2,Smithton,0
2019-10-28,Green Ridge,2,Lakeland,0
2019-10-28,Lincoln,2,Otterville,0
2019-10-28,Eugene,2,Missouri School for the Deaf,0
2019-10-28,Chamois,2,Columbia Independent,0
2019-10-28,Concordia,2,Northwest (Hughesville),0
2019-10-28,Midway,2,Drexel,0
2019-10-28,Crest Ridge,2,Kingsville,0
2019-10-28,Archie,2,Chilhowee,0
2019-10-28,North Platte,2,Northland Christian,1
2019-10-28,St. Joseph Christian,2,Orrick,0
2019-10-28,Malden,1,Senath-Hornersville,2
2019-10-28,St. Clair,2,Central (New Madrid County),0
2019-10-28,Caruthersville,0,Senath-Hornersville,2
2019-10-28,St. Clair,2,East Prairie,0
2019-10-28,Central (New Madrid County),2,Portageville,0
2019-10-28,Seneca,2,Greenville,0
2019-10-28,Saxony Lutheran,2,Puxico,0
2019-10-28,Clearwater,2,Charleston,0
2019-10-28,Valle Catholic,2,St. Vincent,0
2019-10-28,Arcadia Valley,2,Jefferson (Festus),1
2019-10-28,West County,1,St. Vincent,2
2019-10-28,Jefferson (Festus),2,Kingston,0
2019-10-28,Grandview (Hillsboro),2,Carnahan,0
2019-10-28,Hancock,2,Valley Park,1
2019-10-28,Gateway Science Charter,2,McKinley Classical Leadership,0
2019-10-28,Brentwood,2,Principia,1
2019-10-28,Crossroads College Preparatory,2,West Plains,0
2019-10-28,Metro,2,Collegiate School of Med-Bio Science,0
2019-10-28,Lutheran North,0,Bowling Green,2
2019-10-28,STEAM Academy,2,North Technical,0
2019-10-28,New Haven,2,Father Tolton,0
2019-10-28,Montgomery County,2,North Callaway,0
2019-10-28,Cuba,2,Belle,1
2019-10-28,Warsaw,2,Dixon,0
2019-10-28,Linn,2,Bourbon,0
2019-10-28,Conway,2,Houston,1
2019-10-28,Liberty (Mountain View),2,Thayer,0
2019-10-28,Fair Grove,2,Union,0
2019-10-28,Clever,2,Spokane,0
2019-10-28,Sarcoxie,2,Marionville,1
2019-10-28,Pierce City,2,Southwest (Washburn),0
2019-10-28,Diamond,2,East Newton,0
2019-10-28,Stockton,2,Pleasant Hope,0
2019-10-28,Skyline,1,Ash Grove,2
2019-10-28,Adrian,2,Butler,0
2019-10-28,Knob Noster,2,Versailles,1
2019-10-28,Willard,2,Warsaw,0
2019-10-28,Tipton,2,Windsor,0
2019-10-28,Lafayette County,2,Carrollton,0
2019-10-28,St. Paul Lutheran (Concordia),2,Brookfield,0
2019-10-28,Lexington,2,Richmond,0
2019-10-28,Trenton,2,Penney,0
2019-10-28,East Buchanan,2,South Harrison,0
2019-10-28,Lathrop,2,Plattsburg,1
2019-10-28,Kennett,2,Fredericktown,1
2019-10-28,Dexter,2,Doniphan,0
2019-10-28,DeSoto,0,Ste. Genevieve,2
2019-10-28,Festus,2,Herculaneum,0
2019-10-28,North County,2,Potosi,0
2019-10-28,Notre Dame (St. Louis),2,Bayless,0
2019-10-28,Affton,2,Roosevelt,0
2019-10-28,Windsor (Imperial),2,Bishop DuBourg,0
2019-10-28,Waynesville,2,Confluence Prep Academy Charter,0
2019-10-28,Miller Career Academy,2,KIPP St. Louis Sr.,0
2019-10-28,Lift for Life Academy Charter,2,Cardinal Ritter,0
2019-10-28,Winfield,1,St. Charles West,2
2019-10-28,Orchard Farm,2,Wright City,0
2019-10-28,Pacific,2,Owensville,0
2019-10-28,St. Clair,2,Salem,0
2019-10-28,Webb City,2,St. James,0
2019-10-28,Ava,1,Willow Springs,2
2019-10-28,Marshfield,2,Mountain Grove,0
2019-10-28,Springfield Catholic,2,Buffalo,0
2019-10-28,Aurora,2,Hollister,1
2019-10-28,Reeds Spring,2,Cassville,0
2019-10-28,Seneca,2,Monett,0
2019-10-28,Harrisonville,1,Clinton,2
2019-10-28,Bolivar,1,Lamar,2
2019-10-28,Ewing Marion Kauffman,1,Hogan Prep Academy Charter,2
2019-10-28,St. Michael the Archangel,2,Southeast,0
2019-10-28,Notre Dame de Sion,2,Center,0
2019-10-28,Lincoln College Prep,2,Northeast (Kansas City),0
2019-10-28,St. Pius X (Kansas City),2,Central (Kansas City),0
2019-10-28,Oak Grove,2,Cristo Rey,0
2019-10-28,Lafayette (St. Joseph),2,Benton,0
2019-10-28,Excelsior Springs,2,Sparta,1
2019-10-28,Savannah,2,Cameron,1
2019-10-28,Hillsboro,2,Poplar Bluff,1
2019-10-28,Central (Cape Girardeau),2,Sikeston,1
2019-10-28,Lindbergh,2,Mehlville,0
2019-10-28,Rockwood Summit,2,Fox,0
2019-10-28,Northwest (Cedar Hill),1,Seckman,2
2019-10-28,Parkway West,2,Washington,0
2019-10-28,Lafayette (Wildwood),2,Union,0
2019-10-28,Marquette,2,Parkway South,0
2019-10-28,Kirkwood,0,Webster Groves,2
2019-10-28,St. Joseph's Academy,2,Ursuline Academy,0
2019-10-28,Nerinx Hall,2,Ladue Horton Watkins,1
2019-10-28,Hazelwood West,2,Hazelwood East,0
2019-10-28,Ritenour,2,McCluer,0
2019-10-28,McCluer North,2,Riverview Gardens,0
2019-10-28,Westminster Christian Academy,2,Francis Howell North,0
2019-10-28,Parkway Central,2,Ft. Zumwalt East,1
2019-10-28,Pattonville,2,Parkway North,0
2019-10-28,Liberty (Wentzville),2,Holt,1
2019-10-28,Timberland,2,Ft. Zumwalt West,1
2019-10-28,Ft. Zumwalt North,1,Ft. Zumwalt South,2
2019-10-28,Rolla,2,Waynesville,0
2019-10-28,Camdenton,2,Hillcrest,0
2019-10-28,Lebanon,2,Central (Springfield),0
2019-10-28,Ozark,2,Parkview,0
2019-10-28,Kickapoo,2,West Plains,0
2019-10-28,Branson,2,Glendale,1
2019-10-28,Joplin,0,Republic,2
2019-10-28,Carthage,2,McDonald County,0
2019-10-28,Carl Junction,2,Neosho,0
2019-10-28,Raytown,2,Raytown South,0
2019-10-28,Lee's Summit,2,Ruskin,0
2019-10-28,Lee's Summit North,2,Grandview,0
2019-10-28,Grain Valley,1,St. Charles,2
2019-10-28,Blue Springs South,2,Versailles,0
2019-10-28,Fort Osage,2,William Chrisman,0
2019-10-28,North Kansas City,2,Winnetonka,0
2019-10-28,Park Hill South,2,East (Kansas City),0
2019-10-28,Park Hill,2,Oak Park,0
2019-10-28,Kearney,1,Staley,2
2019-10-28,Platte County,2,Central (St. Joseph),1
2019-10-29,Holcomb,2,North Pemiscot,0
2019-10-29,Holcomb,2,Southland,0
2019-10-29,North Pemiscot,2,Delta (Deering),0
2019-10-29,Campbell,0,Bloomfield,2
2019-10-29,Bernie,0,Bloomfield,2
2019-10-29,Campbell,2,Gideon,1
2019-10-29,Advance,2,Leopold,0
2019-10-29,St. Paul Lutheran (Farmington),0,Crystal City,2
2019-10-29,St. Paul Lutheran (Farmington),2,Valley,1
2019-10-29,Oak Ridge,1,Crystal City,2
2019-10-29,Lesterville,2,Winona,0
2019-10-29,Wright City,2,Chadwick,0
2019-10-29,Wright City,2,Bradleyville,0
2019-10-29,Fordland,0,Chadwick,2
2019-10-29,Billings,2,Blue Eye,1
2019-10-29,Billings,2,Galena,0
2019-10-29,Blue Eye,2,School of the Ozarks,0
2019-10-29,Miller,2,Wheaton,0
2019-10-29,Miller,2,Verona,0
2019-10-29,McAuley Catholic,1,Wheaton,2
2019-10-29,Liberal,1,Greenfield,2
2019-10-29,Liberal,2,Lockwood,1
2019-10-29,Jasper,0,Greenfield,2
2019-10-29,Rich Hill,2,Hume,0
2019-10-29,Calvary Lutheran,2,Eugene,0
2019-10-29,Eugene,2,Chamois,0
2019-10-29,Bishop LeBlond,2,West Platte,1
2019-10-29,Bishop LeBlond,2,North Platte,0
2019-10-29,West Platte,2,St. Joseph Christian,1
2019-10-29,Woodland,2,Saxony Lutheran,0
2019-10-29,Woodland,2,Seneca,0
2019-10-29,Saxony Lutheran,2,Clearwater,0
2019-10-29,Valle Catholic,2,Arcadia Valley,0
2019-10-29,Maplewood-Richmond Hts.,2,Crossroads College Preparatory,0
2019-10-29,Maplewood-Richmond Hts.,2,Brentwood,0
2019-10-29,Crossroads College Preparatory,2,Metro,0
2019-10-29,Veritas Christian Academy,2,Bowling Green,0
2019-10-29,Whitfield,2,STEAM Academy,0
2019-10-29,Hermann,2,Hallsville,0
2019-10-29,Hermann,2,New Haven,0
2019-10-29,Hallsville,2,Montgomery County,0
2019-10-29,Fatima,2,Linn,0
2019-10-29,Fatima,2,Cuba,0
2019-10-29,Warsaw,0,Linn,2
2019-10-29,Licking,2,Liberty (Mountain View),1
2019-10-29,Licking,2,Conway,0
2019-10-29,Cabool,1,Liberty (Mountain View),2
2019-10-29,Winona,2,Fair Grove,0
2019-10-29,Winona,2,Forsyth,0
2019-10-29,Fair Grove,2,Clever,0
2019-10-29,New Heights Christian,0,Diamond,2
2019-10-29,New Heights Christian,2,Sarcoxie,0
2019-10-29,Pierce City,0,Diamond,2
2019-10-29,Adrian,0,Stockton,2
2019-10-29,El Dorado Springs,0,Stockton,2
2019-10-29,Adrian,2,Ash Grove,1
2019-10-29,Cole Camp,2,Knob Noster,0
2019-10-29,Willard,2,Tipton,0
2019-10-29,Lone Jack,2,University Academy Charter,0
2019-10-29,Summit Christian Academy,2,Frontier School of Excellence Charter,0
2019-10-29,Barstow,2,Sherwood,0
2019-10-29,Perryville,2,Dexter,1
2019-10-29,Perryville,2,Kennett,0
2019-10-29,Notre Dame (Cape Girardeau),1,Dexter,2
2019-10-29,Festus,0,Ste. Genevieve,2
2019-10-29,Central (Park Hills),1,Ste. Genevieve,2
2019-10-29,Festus,2,North County,0
2019-10-29,Villa Duchesne,2,MICDS,0
2019-10-29,John Burroughs,2,Soldan International Studies,0
2019-10-29,Clayton,2,Gateway,0
2019-10-29,Jennings,0,Trinity Catholic,2
2019-10-29,St. Charles,2,Normandy Collaborative,0
2019-10-29,Duchesne,2,University City,0
2019-10-29,St. Joseph's Academy,2,St. Clair,0
2019-10-29,St. Joseph's Academy,2,Pacific,0
2019-10-29,St. Clair,2,Webb City,1
2019-10-29,Chillicothe,2,Fulton,1
2019-10-29,Marshall,2,Boonville,0
2019-10-29,Mexico,2,Centralia,0
2019-10-29,Eldon,2,Osage,1
2019-10-29,Southern Boone,2,Capital City,0
2019-10-29,Logan-Rogersville,2,Marshfield,0
2019-10-29,Logan-Rogersville,2,Willow Springs,0
2019-10-29,Marshfield,2,Springfield Catholic,0
2019-10-29,Mt. Vernon,1,Reeds Spring,2
2019-10-29,Mt. Vernon,2,Aurora,0
2019-10-29,Reeds Spring,2,Seneca,0
2019-10-29,Pembroke Hill,2,Hogan Prep Academy Charter,0
2019-10-29,St. Michael the Archangel,2,Notre Dame de Sion,0
2019-10-29,Maryville,2,Excelsior Springs,0
2019-10-29,Maryville,2,Lafayette (St. Joseph),1
2019-10-29,Excelsior Springs,2,Savannah,1
2019-10-29,Eureka,2,Parkway West,0
2019-10-29,Lafayette (Wildwood),2,Marquette,0
2019-10-29,Cor Jesu Academy,2,Webster Groves,0
2019-10-29,St. Joseph's Academy,2,Nerinx Hall,0
2019-10-29,Francis Howell,2,Liberty (Wentzville),0
2019-10-29,Timberland,2,Ft. Zumwalt South,0
2019-10-29,Warrenton,2,Troy Buchanan,1
2019-10-29,Rock Bridge,2,Battle,0
2019-10-29,Willard,2,Camdenton,0
2019-10-29,Willard,2,Rolla,0
2019-10-29,Camdenton,2,Lebanon,1
2019-10-29,Webb City,2,Carl Junction,1
2019-10-29,Webb City,2,Republic,1
2019-10-29,Carthage,1,Carl Junction,2
2019-10-29,Savannah,2,Warrensburg,0
2019-10-29,Raymore-Peculiar,2,Belton,0
2019-10-29,Lee's Summit West,2,Raytown,0
2019-10-29,Lee's Summit,2,Lee's Summit North,1
2019-10-29,Blue Springs,2,St. Charles,0
2019-10-29,Blue Springs South,2,Fort Osage,0
2019-10-29,St. Teresa's Academy,2,North Kansas City,0
2019-10-29,Park Hill South,2,Park Hill,0
2019-10-29,Liberty,2,Staley,0
2019-10-29,Liberty North,2,Platte County,1
2019-10-30,Sacred Heart,2,Lincoln,0
2019-10-30,Sacred Heart,2,Osceola,1
2019-10-30,Green Ridge,1,Lincoln,2
2019-10-30,Santa Fe,2,Concordia,0
2019-10-30,Wellington-Napoleon,1,Concordia,2
2019-10-30,Crest Ridge,2,Midway,1
2019-10-30,Lutheran (Kansas City),1,Midway,2
2019-10-30,Crest Ridge,2,Archie,0
2019-10-30,Rock Port,2,Nodaway-Holt,0
2019-10-30,St. Clair,2,Senath-Hornersville,0
2019-10-30,St. Pius X (Festus),2,Hancock,0
2019-10-30,St. Pius X (Festus),2,Grandview (Hillsboro),0
2019-10-30,Hancock,2,Gateway Science Charter,1
2019-10-30,Veritas Christian Academy,2,Whitfield,0
2019-10-30,Cole Camp,1,Willard,2
2019-10-30,Lawson,0,St. Paul Lutheran (Concordia),2
2019-10-30,Lawson,2,Lafayette County,1
2019-10-30,St. Paul Lutheran (Concordia),2,Lexington,0
2019-10-30,Mid-Buchanan,1,East Buchanan,2
2019-10-30,Mid-Buchanan,2,Trenton,1
2019-10-30,East Buchanan,2,Lathrop,0
2019-10-30,Windsor (Imperial),2,Notre Dame (St. Louis),0
2019-10-30,Lutheran South,1,Notre Dame (St. Louis),2
2019-10-30,Affton,0,Windsor (Imperial),2
2019-10-30,Springfield Catholic,2,Lift for Life Academy Charter,0
2019-10-30,Springfield Catholic,2,Waynesville,0
2019-10-30,Miller Career Academy,1,Lift for Life Academy Charter,2
2019-10-30,Incarnate Word Academy,2,St. Charles,0
2019-10-30,Incarnate Word Academy,2,Trinity Catholic,0
2019-10-30,St. Charles,2,Duchesne,0
2019-10-30,St. Dominic,2,Orchard Farm,0
2019-10-30,St. Dominic,2,St. Charles West,0
2019-10-30,Lutheran St. Charles,1,Orchard Farm,2
2019-10-30,Blair Oaks,0,California,2
2019-10-30,Blair Oaks,2,Eldon,1
2019-10-30,California,2,Southern Boone,0
2019-10-30,Nevada,0,Pleasant Hill,2
2019-10-30,Nevada,2,Clinton,1
2019-10-30,Pleasant Hill,2,Lamar,1
2019-10-30,Pembroke Hill,1,St. Michael the Archangel,2
2019-10-30,Odessa,2,St. Pius X (Kansas City),1
2019-10-30,Odessa,2,Lincoln College Prep,0
2019-10-30,St. Pius X (Kansas City),2,Oak Grove,0
2019-10-30,Jackson,2,Farmington,1
2019-10-30,Jackson,2,Hillsboro,0
2019-10-30,Farmington,2,Central (Cape Girardeau),1
2019-10-30,Oakville,2,Seckman,0
2019-10-30,Oakville,2,Lindbergh,0
2019-10-30,Rockwood Summit,0,Seckman,2
2019-10-30,Eureka,0,Lafayette (Wildwood),2
2019-10-30,Cor Jesu Academy,2,St. Joseph's Academy,0
2019-10-30,Hazelwood Central,1,Ritenour,2
2019-10-30,Hazelwood Central,2,Hazelwood West,0
2019-10-30,Ritenour,2,McCluer North,0
2019-10-30,Francis Howell Central,2,Pattonville,1
2019-10-30,Francis Howell Central,2,Westminster Christian Academy,1
2019-10-30,Parkway Central,0,Pattonville,2
2019-10-30,Francis Howell,2,Timberland,1
2019-10-30,Hannibal,2,Warrenton,0
2019-10-30,Hickman,2,Rock Bridge,0
2019-10-30,Nixa,2,Kickapoo,0
2019-10-30,Nixa,2,Ozark,1
2019-10-30,Kickapoo,2,Branson,0
2019-10-30,Jefferson City,2,Helias Catholic,1
2019-10-30,Jefferson City,2,Savannah,0
2019-10-30,Helias Catholic,2,Raymore-Peculiar,1
2019-10-30,Blue Springs,2,Blue Springs South,0
2019-10-30,St. Teresa's Academy,2,Park Hill South,0
2019-10-30,Liberty,2,Liberty North,1
2019-10-31,Summit Christian Academy,2,Lone Jack,0
2019-10-31,Holden,0,Lone Jack,2
2019-10-31,Summit Christian Academy,2,Barstow,1
2019-10-31,Visitation Academy,2,Clayton,0
2019-10-31,Visitation Academy,2,Villa Duchesne,1
2019-10-31,John Burroughs,1,Clayton,2
2019-10-31,Kirksville,2,Marshall,1
2019-10-31,Kirksville,2,Chillicothe,0
2019-10-31,Marshall,2,Mexico,0
2019-10-31,Hannibal,0,Hickman,2
2019-10-31,Lee's Summit West,1,Lee's Summit,2
2019-11-02,Holcomb,0,Advance,2
2019-11-02,Santa Fe,2,Crest Ridge,1
2019-11-02,Lesterville,1,Billings,2
2019-11-02,Calvary Lutheran,2,Sacred Heart,1
2019-11-02,Advance,2,Bloomfield,0
2019-11-02,Crystal City,0,Holcomb,2
2019-11-02,Bishop LeBlond,1,Crest Ridge,2
2019-11-02,Rock Port,0,Santa Fe,2
2019-11-02,Billings,2,Wright City,1
2019-11-02,Miller,0,Lesterville,2
2019-11-02,Sacred Heart,2,Rich Hill,0
2019-11-02,Calvary Lutheran,2,Greenfield,0
2019-11-02,St. Pius X (Festus),2,Valle Catholic,1
2019-11-02,East Buchanan,1,St. Paul Lutheran (Concordia),2
2019-11-02,Fatima,0,Hermann,2
2019-11-02,Licking,2,Winona,1
2019-11-02,Valle Catholic,2,Woodland,1
2019-11-02,St. Pius X (Festus),2,St. Clair,0
2019-11-02,St. Paul Lutheran (Concordia),2,Summit Christian Academy,0
2019-11-02,East Buchanan,2,Willard,0
2019-11-02,Hermann,2,Veritas Christian Academy,0
2019-11-02,Fatima,2,Maplewood-Richmond Hts.,0
2019-11-02,Diamond,0,Winona,2
2019-11-02,Stockton,0,Licking,2
2019-11-02,Perryville,1,Windsor (Imperial),2
2019-11-02,Pleasant Hill,0,St. Michael the Archangel,2
2019-11-02,St. Joseph's Academy,2,St. Dominic,0
2019-11-02,Reeds Spring,0,Logan-Rogersville,2
2019-11-02,Windsor (Imperial),2,Ste. Genevieve,0
2019-11-02,Springfield Catholic,0,Perryville,2
2019-11-02,Odessa,0,St. Michael the Archangel,2
2019-11-02,Maryville,0,Pleasant Hill,2
2019-11-02,St. Dominic,2,Incarnate Word Academy,0
2019-11-02,St. Joseph's Academy,2,Visitation Academy,0
2019-11-02,Logan-Rogersville,2,California,0
2019-11-02,Reeds Spring,2,Kirksville,0
2019-11-02,Cor Jesu Academy,0,Lafayette (Wildwood),2
2019-11-02,Liberty,2,St. Teresa's Academy,1
2019-11-02,Hickman,0,Francis Howell Central,2
2019-11-02,Willard,0,Nixa,2
2019-11-02,Lafayette (Wildwood),2,Oakville,0
2019-11-02,Cor Jesu Academy,2,Jackson,0
2019-11-02,St. Teresa's Academy,2,Blue Springs,1
2019-11-02,Liberty,2,Lee's Summit,0
2019-11-02,Francis Howell,0,Francis Howell Central,2
2019-11-02,Hickman,2,Ritenour,0
2019-11-02,Webb City,0,Nixa,2
2019-11-02,Jefferson City,0,Willard,2
2019-11-08,Santa Fe,0,Advance,2
2019-11-08,Calvary Lutheran,1,Billings,1
2019-11-08,Liberty,1,Lafayette (Wildwood),1
2019-11-09,St. Pius X (Festus),0,Hermann,2
2019-11-09,St. Paul Lutheran (Concordia),0,Licking,2
2019-11-09,Logan-Rogersville,1,St. Joseph's Academy,2
2019-11-09,Windsor (Imperial),0,St. Michael the Archangel,2
2019-11-09,Francis Howell Central,0,Liberty,2
